Target city,Target priority,Assigned pilot,Plane Model,Distance,Weather conditions,Pilot skill,Aircraft speed,Fuel capacity,Score
Marrakesh,1,Jessica Miller,F-35,4014.362063408958,0.9456,10,3000,6000,404.63
Marrakesh,1,Jessica Miller,Eurofighter Typhoon,4014.362063408958,0.9456,10,2495,5600,404.60
Marrakesh,1,Jessica Miller,Su-27,4014.362063408958,0.9456,10,2500,5200,404.59
Marrakesh,1,Jessica Miller,F-16,4014.362063408958,0.9456,10,2400,5000,404.59
Marrakesh,1,Jessica Miller,MiG-29,4014.362063408958,0.9456,10,2450,4500,404.58
Marrakesh,1,Jessica Miller,Rafale,4014.362063408958,0.9456,10,2130,4700,404.57
Marrakesh,1,Jessica Miller,F/A-18,4014.362063408958,0.9456,10,1915,4900,404.57
Marrakesh,1,Emily Davis,F-35,4014.362063408958,0.9456,9,3000,6000,404.43
Marrakesh,1,Emily Davis,Eurofighter Typhoon,4014.362063408958,0.9456,9,2495,5600,404.40
Marrakesh,1,Emily Davis,Su-27,4014.362063408958,0.9456,9,2500,5200,404.39
Marrakesh,1,Emily Davis,F-16,4014.362063408958,0.9456,9,2400,5000,404.39
Marrakesh,1,Emily Davis,MiG-29,4014.362063408958,0.9456,9,2450,4500,404.38
Marrakesh,1,Emily Davis,Rafale,4014.362063408958,0.9456,9,2130,4700,404.37
Marrakesh,1,Emily Davis,F/A-18,4014.362063408958,0.9456,9,1915,4900,404.37
Marrakesh,1,John Doe,F-35,4014.362063408958,0.9456,8,3000,6000,404.23
Marrakesh,1,Sarah Wilson,F-35,4014.362063408958,0.9456,8,3000,6000,404.23
Marrakesh,1,John Doe,Eurofighter Typhoon,4014.362063408958,0.9456,8,2495,5600,404.20
Marrakesh,1,Sarah Wilson,Eurofighter Typhoon,4014.362063408958,0.9456,8,2495,5600,404.20
Marrakesh,1,John Doe,Su-27,4014.362063408958,0.9456,8,2500,5200,404.19
Marrakesh,1,Sarah Wilson,Su-27,4014.362063408958,0.9456,8,2500,5200,404.19
Marrakesh,1,John Doe,F-16,4014.362063408958,0.9456,8,2400,5000,404.19
Marrakesh,1,Sarah Wilson,F-16,4014.362063408958,0.9456,8,2400,5000,404.19
Marrakesh,1,John Doe,MiG-29,4014.362063408958,0.9456,8,2450,4500,404.18
Marrakesh,1,Sarah Wilson,MiG-29,4014.362063408958,0.9456,8,2450,4500,404.18
Marrakesh,1,John Doe,Rafale,4014.362063408958,0.9456,8,2130,4700,404.17
Marrakesh,1,Sarah Wilson,Rafale,4014.362063408958,0.9456,8,2130,4700,404.17
Marrakesh,1,John Doe,F/A-18,4014.362063408958,0.9456,8,1915,4900,404.17
Marrakesh,1,Sarah Wilson,F/A-18,4014.362063408958,0.9456,8,1915,4900,404.17
Marrakesh,1,Michael Johnson,F-35,4014.362063408958,0.9456,7,3000,6000,404.03
Marrakesh,1,Chris Walker,F-35,4014.362063408958,0.9456,7,3000,6000,404.03
Marrakesh,1,Michael Johnson,Eurofighter Typhoon,4014.362063408958,0.9456,7,2495,5600,404.00
Marrakesh,1,Chris Walker,Eurofighter Typhoon,4014.362063408958,0.9456,7,2495,5600,404.00
Marrakesh,1,Michael Johnson,Su-27,4014.362063408958,0.9456,7,2500,5200,403.99
Marrakesh,1,Chris Walker,Su-27,4014.362063408958,0.9456,7,2500,5200,403.99
Marrakesh,1,Michael Johnson,F-16,4014.362063408958,0.9456,7,2400,5000,403.99
Marrakesh,1,Chris Walker,F-16,4014.362063408958,0.9456,7,2400,5000,403.99
Marrakesh,1,Michael Johnson,MiG-29,4014.362063408958,0.9456,7,2450,4500,403.98
Marrakesh,1,Chris Walker,MiG-29,4014.362063408958,0.9456,7,2450,4500,403.98
Marrakesh,1,Michael Johnson,Rafale,4014.362063408958,0.9456,7,2130,4700,403.97
Marrakesh,1,Chris Walker,Rafale,4014.362063408958,0.9456,7,2130,4700,403.97
Marrakesh,1,Michael Johnson,F/A-18,4014.362063408958,0.9456,7,1915,4900,403.97
Marrakesh,1,Chris Walker,F/A-18,4014.362063408958,0.9456,7,1915,4900,403.97
Marrakesh,1,Jane Smith,F-35,4014.362063408958,0.9456,6,3000,6000,403.83
Marrakesh,1,David Lee,F-35,4014.362063408958,0.9456,6,3000,6000,403.83
Marrakesh,1,Jane Smith,Eurofighter Typhoon,4014.362063408958,0.9456,6,2495,5600,403.80
Marrakesh,1,David Lee,Eurofighter Typhoon,4014.362063408958,0.9456,6,2495,5600,403.80
Marrakesh,1,Jane Smith,Su-27,4014.362063408958,0.9456,6,2500,5200,403.79
Marrakesh,1,David Lee,Su-27,4014.362063408958,0.9456,6,2500,5200,403.79
Marrakesh,1,Jane Smith,F-16,4014.362063408958,0.9456,6,2400,5000,403.79
Marrakesh,1,David Lee,F-16,4014.362063408958,0.9456,6,2400,5000,403.79
Marrakesh,1,Jane Smith,MiG-29,4014.362063408958,0.9456,6,2450,4500,403.78
Marrakesh,1,David Lee,MiG-29,4014.362063408958,0.9456,6,2450,4500,403.78
Marrakesh,1,Jane Smith,Rafale,4014.362063408958,0.9456,6,2130,4700,403.77
Marrakesh,1,David Lee,Rafale,4014.362063408958,0.9456,6,2130,4700,403.77
Marrakesh,1,Jane Smith,F/A-18,4014.362063408958,0.9456,6,1915,4900,403.77
Marrakesh,1,David Lee,F/A-18,4014.362063408958,0.9456,6,1915,4900,403.77
Marrakesh,1,Robert Brown,F-35,4014.362063408958,0.9456,5,3000,6000,403.63
Marrakesh,1,Robert Brown,Eurofighter Typhoon,4014.362063408958,0.9456,5,2495,5600,403.60
Marrakesh,1,Robert Brown,Su-27,4014.362063408958,0.9456,5,2500,5200,403.59
Marrakesh,1,Robert Brown,F-16,4014.362063408958,0.9456,5,2400,5000,403.59
Marrakesh,1,Robert Brown,MiG-29,4014.362063408958,0.9456,5,2450,4500,403.58
Marrakesh,1,Robert Brown,Rafale,4014.362063408958,0.9456,5,2130,4700,403.57
Marrakesh,1,Robert Brown,F/A-18,4014.362063408958,0.9456,5,1915,4900,403.57
Marrakesh,1,Daniel Harris,F-35,4014.362063408958,0.9456,4,3000,6000,403.43
Marrakesh,1,Daniel Harris,Eurofighter Typhoon,4014.362063408958,0.9456,4,2495,5600,403.40
Marrakesh,1,Daniel Harris,Su-27,4014.362063408958,0.9456,4,2500,5200,403.39
Marrakesh,1,Daniel Harris,F-16,4014.362063408958,0.9456,4,2400,5000,403.39
Marrakesh,1,Daniel Harris,MiG-29,4014.362063408958,0.9456,4,2450,4500,403.38
Marrakesh,1,Daniel Harris,Rafale,4014.362063408958,0.9456,4,2130,4700,403.37
Marrakesh,1,Daniel Harris,F/A-18,4014.362063408958,0.9456,4,1915,4900,403.37
Kabul,4,Jessica Miller,F-35,3214.702142790408,0.9786,10,3000,6000,325.27
Kabul,4,Jessica Miller,Eurofighter Typhoon,3214.702142790408,0.9786,10,2495,5600,325.24
Kabul,4,Jessica Miller,Su-27,3214.702142790408,0.9786,10,2500,5200,325.24
Kabul,4,Jessica Miller,F-16,3214.702142790408,0.9786,10,2400,5000,325.23
Kabul,4,Jessica Miller,MiG-29,3214.702142790408,0.9786,10,2450,4500,325.22
Kabul,4,Jessica Miller,Rafale,3214.702142790408,0.9786,10,2130,4700,325.21
Kabul,4,Jessica Miller,F/A-18,3214.702142790408,0.9786,10,1915,4900,325.21
Kabul,4,Emily Davis,F-35,3214.702142790408,0.9786,9,3000,6000,325.07
Kabul,4,Emily Davis,Eurofighter Typhoon,3214.702142790408,0.9786,9,2495,5600,325.04
Kabul,4,Emily Davis,Su-27,3214.702142790408,0.9786,9,2500,5200,325.04
Kabul,4,Emily Davis,F-16,3214.702142790408,0.9786,9,2400,5000,325.03
Kabul,4,Emily Davis,MiG-29,3214.702142790408,0.9786,9,2450,4500,325.02
Kabul,4,Emily Davis,Rafale,3214.702142790408,0.9786,9,2130,4700,325.01
Kabul,4,Emily Davis,F/A-18,3214.702142790408,0.9786,9,1915,4900,325.01
Kabul,4,John Doe,F-35,3214.702142790408,0.9786,8,3000,6000,324.87
Kabul,4,Sarah Wilson,F-35,3214.702142790408,0.9786,8,3000,6000,324.87
Kabul,4,John Doe,Eurofighter Typhoon,3214.702142790408,0.9786,8,2495,5600,324.84
Kabul,4,Sarah Wilson,Eurofighter Typhoon,3214.702142790408,0.9786,8,2495,5600,324.84
Kabul,4,John Doe,Su-27,3214.702142790408,0.9786,8,2500,5200,324.84
Kabul,4,Sarah Wilson,Su-27,3214.702142790408,0.9786,8,2500,5200,324.84
Kabul,4,John Doe,F-16,3214.702142790408,0.9786,8,2400,5000,324.83
Kabul,4,Sarah Wilson,F-16,3214.702142790408,0.9786,8,2400,5000,324.83
Kabul,4,John Doe,MiG-29,3214.702142790408,0.9786,8,2450,4500,324.82
Kabul,4,Sarah Wilson,MiG-29,3214.702142790408,0.9786,8,2450,4500,324.82
Kabul,4,John Doe,Rafale,3214.702142790408,0.9786,8,2130,4700,324.81
Kabul,4,Sarah Wilson,Rafale,3214.702142790408,0.9786,8,2130,4700,324.81
Kabul,4,John Doe,F/A-18,3214.702142790408,0.9786,8,1915,4900,324.81
Kabul,4,Sarah Wilson,F/A-18,3214.702142790408,0.9786,8,1915,4900,324.81
Kabul,4,Michael Johnson,F-35,3214.702142790408,0.9786,7,3000,6000,324.67
Kabul,4,Chris Walker,F-35,3214.702142790408,0.9786,7,3000,6000,324.67
Kabul,4,Michael Johnson,Eurofighter Typhoon,3214.702142790408,0.9786,7,2495,5600,324.64
Kabul,4,Chris Walker,Eurofighter Typhoon,3214.702142790408,0.9786,7,2495,5600,324.64
Kabul,4,Michael Johnson,Su-27,3214.702142790408,0.9786,7,2500,5200,324.64
Kabul,4,Chris Walker,Su-27,3214.702142790408,0.9786,7,2500,5200,324.64
Kabul,4,Michael Johnson,F-16,3214.702142790408,0.9786,7,2400,5000,324.63
Kabul,4,Chris Walker,F-16,3214.702142790408,0.9786,7,2400,5000,324.63
Kabul,4,Michael Johnson,MiG-29,3214.702142790408,0.9786,7,2450,4500,324.62
Kabul,4,Chris Walker,MiG-29,3214.702142790408,0.9786,7,2450,4500,324.62
Kabul,4,Michael Johnson,Rafale,3214.702142790408,0.9786,7,2130,4700,324.61
Kabul,4,Chris Walker,Rafale,3214.702142790408,0.9786,7,2130,4700,324.61
Kabul,4,Michael Johnson,F/A-18,3214.702142790408,0.9786,7,1915,4900,324.61
Kabul,4,Chris Walker,F/A-18,3214.702142790408,0.9786,7,1915,4900,324.61
Kabul,4,Jane Smith,F-35,3214.702142790408,0.9786,6,3000,6000,324.47
Kabul,4,David Lee,F-35,3214.702142790408,0.9786,6,3000,6000,324.47
Kabul,4,Jane Smith,Eurofighter Typhoon,3214.702142790408,0.9786,6,2495,5600,324.44
Kabul,4,David Lee,Eurofighter Typhoon,3214.702142790408,0.9786,6,2495,5600,324.44
Kabul,4,Jane Smith,Su-27,3214.702142790408,0.9786,6,2500,5200,324.44
Kabul,4,David Lee,Su-27,3214.702142790408,0.9786,6,2500,5200,324.44
Kabul,4,Jane Smith,F-16,3214.702142790408,0.9786,6,2400,5000,324.43
Kabul,4,David Lee,F-16,3214.702142790408,0.9786,6,2400,5000,324.43
Kabul,4,Jane Smith,MiG-29,3214.702142790408,0.9786,6,2450,4500,324.42
Kabul,4,David Lee,MiG-29,3214.702142790408,0.9786,6,2450,4500,324.42
Kabul,4,Jane Smith,Rafale,3214.702142790408,0.9786,6,2130,4700,324.41
Kabul,4,David Lee,Rafale,3214.702142790408,0.9786,6,2130,4700,324.41
Kabul,4,Jane Smith,F/A-18,3214.702142790408,0.9786,6,1915,4900,324.41
Kabul,4,David Lee,F/A-18,3214.702142790408,0.9786,6,1915,4900,324.41
Kabul,4,Robert Brown,F-35,3214.702142790408,0.9786,5,3000,6000,324.27
Kabul,4,Robert Brown,Eurofighter Typhoon,3214.702142790408,0.9786,5,2495,5600,324.24
Kabul,4,Robert Brown,Su-27,3214.702142790408,0.9786,5,2500,5200,324.24
Kabul,4,Robert Brown,F-16,3214.702142790408,0.9786,5,2400,5000,324.23
Kabul,4,Robert Brown,MiG-29,3214.702142790408,0.9786,5,2450,4500,324.22
Kabul,4,Robert Brown,Rafale,3214.702142790408,0.9786,5,2130,4700,324.21
Kabul,4,Robert Brown,F/A-18,3214.702142790408,0.9786,5,1915,4900,324.21
Kabul,4,Daniel Harris,F-35,3214.702142790408,0.9786,4,3000,6000,324.07
Kabul,4,Daniel Harris,Eurofighter Typhoon,3214.702142790408,0.9786,4,2495,5600,324.04
Kabul,4,Daniel Harris,Su-27,3214.702142790408,0.9786,4,2500,5200,324.04
Kabul,4,Daniel Harris,F-16,3214.702142790408,0.9786,4,2400,5000,324.03
Kabul,4,Daniel Harris,MiG-29,3214.702142790408,0.9786,4,2450,4500,324.02
Kabul,4,Daniel Harris,Rafale,3214.702142790408,0.9786,4,2130,4700,324.01
Kabul,4,Daniel Harris,F/A-18,3214.702142790408,0.9786,4,1915,4900,324.01
Kandahar,1,Jessica Miller,F-35,2927.1487197314764,0.9562,10,3000,6000,295.91
Kandahar,1,Jessica Miller,Eurofighter Typhoon,2927.1487197314764,0.9562,10,2495,5600,295.88
Kandahar,1,Jessica Miller,Su-27,2927.1487197314764,0.9562,10,2500,5200,295.88
Kandahar,1,Jessica Miller,F-16,2927.1487197314764,0.9562,10,2400,5000,295.87
Kandahar,1,Jessica Miller,MiG-29,2927.1487197314764,0.9562,10,2450,4500,295.86
Kandahar,1,Jessica Miller,Rafale,2927.1487197314764,0.9562,10,2130,4700,295.85
Kandahar,1,Jessica Miller,F/A-18,2927.1487197314764,0.9562,10,1915,4900,295.85
Kandahar,1,Emily Davis,F-35,2927.1487197314764,0.9562,9,3000,6000,295.71
Kandahar,1,Emily Davis,Eurofighter Typhoon,2927.1487197314764,0.9562,9,2495,5600,295.68
Kandahar,1,Emily Davis,Su-27,2927.1487197314764,0.9562,9,2500,5200,295.68
Kandahar,1,Emily Davis,F-16,2927.1487197314764,0.9562,9,2400,5000,295.67
Kandahar,1,Emily Davis,MiG-29,2927.1487197314764,0.9562,9,2450,4500,295.66
Kandahar,1,Emily Davis,Rafale,2927.1487197314764,0.9562,9,2130,4700,295.65
Kandahar,1,Emily Davis,F/A-18,2927.1487197314764,0.9562,9,1915,4900,295.65
Kandahar,1,John Doe,F-35,2927.1487197314764,0.9562,8,3000,6000,295.51
Kandahar,1,Sarah Wilson,F-35,2927.1487197314764,0.9562,8,3000,6000,295.51
Kandahar,1,John Doe,Eurofighter Typhoon,2927.1487197314764,0.9562,8,2495,5600,295.48
Kandahar,1,Sarah Wilson,Eurofighter Typhoon,2927.1487197314764,0.9562,8,2495,5600,295.48
Kandahar,1,John Doe,Su-27,2927.1487197314764,0.9562,8,2500,5200,295.48
Kandahar,1,Sarah Wilson,Su-27,2927.1487197314764,0.9562,8,2500,5200,295.48
Kandahar,1,John Doe,F-16,2927.1487197314764,0.9562,8,2400,5000,295.47
Kandahar,1,Sarah Wilson,F-16,2927.1487197314764,0.9562,8,2400,5000,295.47
Kandahar,1,John Doe,MiG-29,2927.1487197314764,0.9562,8,2450,4500,295.46
Kandahar,1,Sarah Wilson,MiG-29,2927.1487197314764,0.9562,8,2450,4500,295.46
Kandahar,1,John Doe,Rafale,2927.1487197314764,0.9562,8,2130,4700,295.45
Kandahar,1,Sarah Wilson,Rafale,2927.1487197314764,0.9562,8,2130,4700,295.45
Kandahar,1,John Doe,F/A-18,2927.1487197314764,0.9562,8,1915,4900,295.45
Kandahar,1,Sarah Wilson,F/A-18,2927.1487197314764,0.9562,8,1915,4900,295.45
Kandahar,1,Michael Johnson,F-35,2927.1487197314764,0.9562,7,3000,6000,295.31
Kandahar,1,Chris Walker,F-35,2927.1487197314764,0.9562,7,3000,6000,295.31
Kandahar,1,Michael Johnson,Eurofighter Typhoon,2927.1487197314764,0.9562,7,2495,5600,295.28
Kandahar,1,Chris Walker,Eurofighter Typhoon,2927.1487197314764,0.9562,7,2495,5600,295.28
Kandahar,1,Michael Johnson,Su-27,2927.1487197314764,0.9562,7,2500,5200,295.28
Kandahar,1,Chris Walker,Su-27,2927.1487197314764,0.9562,7,2500,5200,295.28
Kandahar,1,Michael Johnson,F-16,2927.1487197314764,0.9562,7,2400,5000,295.27
Kandahar,1,Chris Walker,F-16,2927.1487197314764,0.9562,7,2400,5000,295.27
Kandahar,1,Michael Johnson,MiG-29,2927.1487197314764,0.9562,7,2450,4500,295.26
Kandahar,1,Chris Walker,MiG-29,2927.1487197314764,0.9562,7,2450,4500,295.26
Kandahar,1,Michael Johnson,Rafale,2927.1487197314764,0.9562,7,2130,4700,295.25
Kandahar,1,Chris Walker,Rafale,2927.1487197314764,0.9562,7,2130,4700,295.25
Kandahar,1,Michael Johnson,F/A-18,2927.1487197314764,0.9562,7,1915,4900,295.25
Kandahar,1,Chris Walker,F/A-18,2927.1487197314764,0.9562,7,1915,4900,295.25
Kandahar,1,Jane Smith,F-35,2927.1487197314764,0.9562,6,3000,6000,295.11
Kandahar,1,David Lee,F-35,2927.1487197314764,0.9562,6,3000,6000,295.11
Kandahar,1,Jane Smith,Eurofighter Typhoon,2927.1487197314764,0.9562,6,2495,5600,295.08
Kandahar,1,David Lee,Eurofighter Typhoon,2927.1487197314764,0.9562,6,2495,5600,295.08
Kandahar,1,Jane Smith,Su-27,2927.1487197314764,0.9562,6,2500,5200,295.08
Kandahar,1,David Lee,Su-27,2927.1487197314764,0.9562,6,2500,5200,295.08
Kandahar,1,Jane Smith,F-16,2927.1487197314764,0.9562,6,2400,5000,295.07
Kandahar,1,David Lee,F-16,2927.1487197314764,0.9562,6,2400,5000,295.07
Kandahar,1,Jane Smith,MiG-29,2927.1487197314764,0.9562,6,2450,4500,295.06
Kandahar,1,David Lee,MiG-29,2927.1487197314764,0.9562,6,2450,4500,295.06
Kandahar,1,Jane Smith,Rafale,2927.1487197314764,0.9562,6,2130,4700,295.05
Kandahar,1,David Lee,Rafale,2927.1487197314764,0.9562,6,2130,4700,295.05
Kandahar,1,Jane Smith,F/A-18,2927.1487197314764,0.9562,6,1915,4900,295.05
Kandahar,1,David Lee,F/A-18,2927.1487197314764,0.9562,6,1915,4900,295.05
Kandahar,1,Robert Brown,F-35,2927.1487197314764,0.9562,5,3000,6000,294.91
Kandahar,1,Robert Brown,Eurofighter Typhoon,2927.1487197314764,0.9562,5,2495,5600,294.88
Kandahar,1,Robert Brown,Su-27,2927.1487197314764,0.9562,5,2500,5200,294.88
Kandahar,1,Robert Brown,F-16,2927.1487197314764,0.9562,5,2400,5000,294.87
Kandahar,1,Robert Brown,MiG-29,2927.1487197314764,0.9562,5,2450,4500,294.86
Kandahar,1,Robert Brown,Rafale,2927.1487197314764,0.9562,5,2130,4700,294.85
Kandahar,1,Robert Brown,F/A-18,2927.1487197314764,0.9562,5,1915,4900,294.85
Kandahar,1,Daniel Harris,F-35,2927.1487197314764,0.9562,4,3000,6000,294.71
Kandahar,1,Daniel Harris,Eurofighter Typhoon,2927.1487197314764,0.9562,4,2495,5600,294.68
Kandahar,1,Daniel Harris,Su-27,2927.1487197314764,0.9562,4,2500,5200,294.68
Kandahar,1,Daniel Harris,F-16,2927.1487197314764,0.9562,4,2400,5000,294.67
Kandahar,1,Daniel Harris,MiG-29,2927.1487197314764,0.9562,4,2450,4500,294.66
Kandahar,1,Daniel Harris,Rafale,2927.1487197314764,0.9562,4,2130,4700,294.65
Kandahar,1,Daniel Harris,F/A-18,2927.1487197314764,0.9562,4,1915,4900,294.65
Sanaa,4,Jessica Miller,F-35,2090.6459852591256,0.6208,10,3000,6000,212.79
Sanaa,4,Jessica Miller,Rafale,2090.6459852591256,0.8475999999999999,10,2130,4700,212.78
Sanaa,4,Jessica Miller,F/A-18,2090.6459852591256,0.8475999999999999,10,1915,4900,212.78
Sanaa,4,Jessica Miller,Eurofighter Typhoon,2090.6459852591256,0.6208,10,2495,5600,212.76
Sanaa,4,Jessica Miller,Su-27,2090.6459852591256,0.6208,10,2500,5200,212.76
Sanaa,4,Jessica Miller,F-16,2090.6459852591256,0.6208,10,2400,5000,212.75
Sanaa,4,Jessica Miller,MiG-29,2090.6459852591256,0.6208,10,2450,4500,212.75
Sanaa,4,Emily Davis,F-35,2090.6459852591256,0.6208,9,3000,6000,212.59
Sanaa,4,Emily Davis,Rafale,2090.6459852591256,0.8475999999999999,9,2130,4700,212.58
Sanaa,4,Emily Davis,F/A-18,2090.6459852591256,0.8475999999999999,9,1915,4900,212.58
Sanaa,4,Emily Davis,Eurofighter Typhoon,2090.6459852591256,0.6208,9,2495,5600,212.56
Sanaa,4,Emily Davis,Su-27,2090.6459852591256,0.6208,9,2500,5200,212.56
Sanaa,4,Emily Davis,F-16,2090.6459852591256,0.6208,9,2400,5000,212.55
Sanaa,4,Emily Davis,MiG-29,2090.6459852591256,0.6208,9,2450,4500,212.55
Sanaa,4,John Doe,F-35,2090.6459852591256,0.6208,8,3000,6000,212.39
Sanaa,4,Sarah Wilson,F-35,2090.6459852591256,0.6208,8,3000,6000,212.39
Sanaa,4,John Doe,Rafale,2090.6459852591256,0.8475999999999999,8,2130,4700,212.38
Sanaa,4,Sarah Wilson,Rafale,2090.6459852591256,0.8475999999999999,8,2130,4700,212.38
Sanaa,4,John Doe,F/A-18,2090.6459852591256,0.8475999999999999,8,1915,4900,212.38
Sanaa,4,Sarah Wilson,F/A-18,2090.6459852591256,0.8475999999999999,8,1915,4900,212.38
Sanaa,4,John Doe,Eurofighter Typhoon,2090.6459852591256,0.6208,8,2495,5600,212.36
Sanaa,4,Sarah Wilson,Eurofighter Typhoon,2090.6459852591256,0.6208,8,2495,5600,212.36
Sanaa,4,John Doe,Su-27,2090.6459852591256,0.6208,8,2500,5200,212.36
Sanaa,4,Sarah Wilson,Su-27,2090.6459852591256,0.6208,8,2500,5200,212.36
Sanaa,4,John Doe,F-16,2090.6459852591256,0.6208,8,2400,5000,212.35
Sanaa,4,Sarah Wilson,F-16,2090.6459852591256,0.6208,8,2400,5000,212.35
Sanaa,4,John Doe,MiG-29,2090.6459852591256,0.6208,8,2450,4500,212.35
Sanaa,4,Sarah Wilson,MiG-29,2090.6459852591256,0.6208,8,2450,4500,212.35
Sanaa,4,Michael Johnson,F-35,2090.6459852591256,0.6208,7,3000,6000,212.19
Sanaa,4,Chris Walker,F-35,2090.6459852591256,0.6208,7,3000,6000,212.19
Sanaa,4,Michael Johnson,Rafale,2090.6459852591256,0.8475999999999999,7,2130,4700,212.18
Sanaa,4,Chris Walker,Rafale,2090.6459852591256,0.8475999999999999,7,2130,4700,212.18
Sanaa,4,Michael Johnson,F/A-18,2090.6459852591256,0.8475999999999999,7,1915,4900,212.18
Sanaa,4,Chris Walker,F/A-18,2090.6459852591256,0.8475999999999999,7,1915,4900,212.18
Sanaa,4,Michael Johnson,Eurofighter Typhoon,2090.6459852591256,0.6208,7,2495,5600,212.16
Sanaa,4,Chris Walker,Eurofighter Typhoon,2090.6459852591256,0.6208,7,2495,5600,212.16
Sanaa,4,Michael Johnson,Su-27,2090.6459852591256,0.6208,7,2500,5200,212.16
Sanaa,4,Chris Walker,Su-27,2090.6459852591256,0.6208,7,2500,5200,212.16
Sanaa,4,Michael Johnson,F-16,2090.6459852591256,0.6208,7,2400,5000,212.15
Sanaa,4,Chris Walker,F-16,2090.6459852591256,0.6208,7,2400,5000,212.15
Sanaa,4,Michael Johnson,MiG-29,2090.6459852591256,0.6208,7,2450,4500,212.15
Sanaa,4,Chris Walker,MiG-29,2090.6459852591256,0.6208,7,2450,4500,212.15
Sanaa,4,Jane Smith,F-35,2090.6459852591256,0.6208,6,3000,6000,211.99
Sanaa,4,David Lee,F-35,2090.6459852591256,0.6208,6,3000,6000,211.99
Sanaa,4,Jane Smith,Rafale,2090.6459852591256,0.8475999999999999,6,2130,4700,211.98
Sanaa,4,David Lee,Rafale,2090.6459852591256,0.8475999999999999,6,2130,4700,211.98
Sanaa,4,Jane Smith,F/A-18,2090.6459852591256,0.8475999999999999,6,1915,4900,211.98
Sanaa,4,David Lee,F/A-18,2090.6459852591256,0.8475999999999999,6,1915,4900,211.98
Sanaa,4,Jane Smith,Eurofighter Typhoon,2090.6459852591256,0.6208,6,2495,5600,211.96
Sanaa,4,David Lee,Eurofighter Typhoon,2090.6459852591256,0.6208,6,2495,5600,211.96
Sanaa,4,Jane Smith,Su-27,2090.6459852591256,0.6208,6,2500,5200,211.96
Sanaa,4,David Lee,Su-27,2090.6459852591256,0.6208,6,2500,5200,211.96
Sanaa,4,Jane Smith,F-16,2090.6459852591256,0.6208,6,2400,5000,211.95
Sanaa,4,David Lee,F-16,2090.6459852591256,0.6208,6,2400,5000,211.95
Sanaa,4,Jane Smith,MiG-29,2090.6459852591256,0.6208,6,2450,4500,211.95
Sanaa,4,David Lee,MiG-29,2090.6459852591256,0.6208,6,2450,4500,211.95
Sanaa,4,Robert Brown,F-35,2090.6459852591256,0.6208,5,3000,6000,211.79
Sanaa,4,Robert Brown,Rafale,2090.6459852591256,0.8475999999999999,5,2130,4700,211.78
Sanaa,4,Robert Brown,F/A-18,2090.6459852591256,0.8475999999999999,5,1915,4900,211.78
Sanaa,4,Robert Brown,Eurofighter Typhoon,2090.6459852591256,0.6208,5,2495,5600,211.76
Sanaa,4,Robert Brown,Su-27,2090.6459852591256,0.6208,5,2500,5200,211.76
Sanaa,4,Robert Brown,F-16,2090.6459852591256,0.6208,5,2400,5000,211.75
Sanaa,4,Robert Brown,MiG-29,2090.6459852591256,0.6208,5,2450,4500,211.75
Sanaa,4,Daniel Harris,F-35,2090.6459852591256,0.6208,4,3000,6000,211.59
Sanaa,4,Daniel Harris,Rafale,2090.6459852591256,0.8475999999999999,4,2130,4700,211.58
Sanaa,4,Daniel Harris,F/A-18,2090.6459852591256,0.8475999999999999,4,1915,4900,211.58
Sanaa,4,Daniel Harris,Eurofighter Typhoon,2090.6459852591256,0.6208,4,2495,5600,211.56
Sanaa,4,Daniel Harris,Su-27,2090.6459852591256,0.6208,4,2500,5200,211.56
Sanaa,4,Daniel Harris,F-16,2090.6459852591256,0.6208,4,2400,5000,211.55
Sanaa,4,Daniel Harris,MiG-29,2090.6459852591256,0.6208,4,2450,4500,211.55
Tripoli,2,Jessica Miller,F-35,2023.957343475616,0.7315999999999999,10,3000,6000,205.74
Tripoli,2,Jessica Miller,Eurofighter Typhoon,2023.957343475616,0.7315999999999999,10,2495,5600,205.72
Tripoli,2,Jessica Miller,Su-27,2023.957343475616,0.7315999999999999,10,2500,5200,205.71
Tripoli,2,Jessica Miller,F-16,2023.957343475616,0.7315999999999999,10,2400,5000,205.70
Tripoli,2,Jessica Miller,MiG-29,2023.957343475616,0.7315999999999999,10,2450,4500,205.70
Tripoli,2,Jessica Miller,Rafale,2023.957343475616,0.7784,10,2130,4700,205.70
Tripoli,2,Jessica Miller,F/A-18,2023.957343475616,0.7784,10,1915,4900,205.69
Tripoli,2,Emily Davis,F-35,2023.957343475616,0.7315999999999999,9,3000,6000,205.54
Tripoli,2,Emily Davis,Eurofighter Typhoon,2023.957343475616,0.7315999999999999,9,2495,5600,205.52
Tripoli,2,Emily Davis,Su-27,2023.957343475616,0.7315999999999999,9,2500,5200,205.51
Tripoli,2,Emily Davis,F-16,2023.957343475616,0.7315999999999999,9,2400,5000,205.50
Tripoli,2,Emily Davis,MiG-29,2023.957343475616,0.7315999999999999,9,2450,4500,205.50
Tripoli,2,Emily Davis,Rafale,2023.957343475616,0.7784,9,2130,4700,205.50
Tripoli,2,Emily Davis,F/A-18,2023.957343475616,0.7784,9,1915,4900,205.49
Tripoli,2,John Doe,F-35,2023.957343475616,0.7315999999999999,8,3000,6000,205.34
Tripoli,2,Sarah Wilson,F-35,2023.957343475616,0.7315999999999999,8,3000,6000,205.34
Tripoli,2,John Doe,Eurofighter Typhoon,2023.957343475616,0.7315999999999999,8,2495,5600,205.32
Tripoli,2,Sarah Wilson,Eurofighter Typhoon,2023.957343475616,0.7315999999999999,8,2495,5600,205.32
Tripoli,2,John Doe,Su-27,2023.957343475616,0.7315999999999999,8,2500,5200,205.31
Tripoli,2,Sarah Wilson,Su-27,2023.957343475616,0.7315999999999999,8,2500,5200,205.31
Tripoli,2,John Doe,F-16,2023.957343475616,0.7315999999999999,8,2400,5000,205.30
Tripoli,2,Sarah Wilson,F-16,2023.957343475616,0.7315999999999999,8,2400,5000,205.30
Tripoli,2,John Doe,MiG-29,2023.957343475616,0.7315999999999999,8,2450,4500,205.30
Tripoli,2,Sarah Wilson,MiG-29,2023.957343475616,0.7315999999999999,8,2450,4500,205.30
Tripoli,2,John Doe,Rafale,2023.957343475616,0.7784,8,2130,4700,205.30
Tripoli,2,Sarah Wilson,Rafale,2023.957343475616,0.7784,8,2130,4700,205.30
Tripoli,2,John Doe,F/A-18,2023.957343475616,0.7784,8,1915,4900,205.29
Tripoli,2,Sarah Wilson,F/A-18,2023.957343475616,0.7784,8,1915,4900,205.29
Tripoli,2,Michael Johnson,F-35,2023.957343475616,0.7315999999999999,7,3000,6000,205.14
Tripoli,2,Chris Walker,F-35,2023.957343475616,0.7315999999999999,7,3000,6000,205.14
Tripoli,2,Michael Johnson,Eurofighter Typhoon,2023.957343475616,0.7315999999999999,7,2495,5600,205.12
Tripoli,2,Chris Walker,Eurofighter Typhoon,2023.957343475616,0.7315999999999999,7,2495,5600,205.12
Tripoli,2,Michael Johnson,Su-27,2023.957343475616,0.7315999999999999,7,2500,5200,205.11
Tripoli,2,Chris Walker,Su-27,2023.957343475616,0.7315999999999999,7,2500,5200,205.11
Tripoli,2,Michael Johnson,F-16,2023.957343475616,0.7315999999999999,7,2400,5000,205.10
Tripoli,2,Chris Walker,F-16,2023.957343475616,0.7315999999999999,7,2400,5000,205.10
Tripoli,2,Michael Johnson,MiG-29,2023.957343475616,0.7315999999999999,7,2450,4500,205.10
Tripoli,2,Chris Walker,MiG-29,2023.957343475616,0.7315999999999999,7,2450,4500,205.10
Tripoli,2,Michael Johnson,Rafale,2023.957343475616,0.7784,7,2130,4700,205.10
Tripoli,2,Chris Walker,Rafale,2023.957343475616,0.7784,7,2130,4700,205.10
Tripoli,2,Michael Johnson,F/A-18,2023.957343475616,0.7784,7,1915,4900,205.09
Tripoli,2,Chris Walker,F/A-18,2023.957343475616,0.7784,7,1915,4900,205.09
Tripoli,2,Jane Smith,F-35,2023.957343475616,0.7315999999999999,6,3000,6000,204.94
Tripoli,2,David Lee,F-35,2023.957343475616,0.7315999999999999,6,3000,6000,204.94
Tripoli,2,Jane Smith,Eurofighter Typhoon,2023.957343475616,0.7315999999999999,6,2495,5600,204.92
Tripoli,2,David Lee,Eurofighter Typhoon,2023.957343475616,0.7315999999999999,6,2495,5600,204.92
Tripoli,2,Jane Smith,Su-27,2023.957343475616,0.7315999999999999,6,2500,5200,204.91
Tripoli,2,David Lee,Su-27,2023.957343475616,0.7315999999999999,6,2500,5200,204.91
Tripoli,2,Jane Smith,F-16,2023.957343475616,0.7315999999999999,6,2400,5000,204.90
Tripoli,2,David Lee,F-16,2023.957343475616,0.7315999999999999,6,2400,5000,204.90
Tripoli,2,Jane Smith,MiG-29,2023.957343475616,0.7315999999999999,6,2450,4500,204.90
Tripoli,2,David Lee,MiG-29,2023.957343475616,0.7315999999999999,6,2450,4500,204.90
Tripoli,2,Jane Smith,Rafale,2023.957343475616,0.7784,6,2130,4700,204.90
Tripoli,2,David Lee,Rafale,2023.957343475616,0.7784,6,2130,4700,204.90
Tripoli,2,Jane Smith,F/A-18,2023.957343475616,0.7784,6,1915,4900,204.89
Tripoli,2,David Lee,F/A-18,2023.957343475616,0.7784,6,1915,4900,204.89
Tripoli,2,Robert Brown,F-35,2023.957343475616,0.7315999999999999,5,3000,6000,204.74
Tripoli,2,Robert Brown,Eurofighter Typhoon,2023.957343475616,0.7315999999999999,5,2495,5600,204.72
Tripoli,2,Robert Brown,Su-27,2023.957343475616,0.7315999999999999,5,2500,5200,204.71
Tripoli,2,Robert Brown,F-16,2023.957343475616,0.7315999999999999,5,2400,5000,204.70
Tripoli,2,Robert Brown,MiG-29,2023.957343475616,0.7315999999999999,5,2450,4500,204.70
Tripoli,2,Robert Brown,Rafale,2023.957343475616,0.7784,5,2130,4700,204.70
Tripoli,2,Robert Brown,F/A-18,2023.957343475616,0.7784,5,1915,4900,204.69
Tripoli,2,Daniel Harris,F-35,2023.957343475616,0.7315999999999999,4,3000,6000,204.54
Tripoli,2,Daniel Harris,Eurofighter Typhoon,2023.957343475616,0.7315999999999999,4,2495,5600,204.52
Tripoli,2,Daniel Harris,Su-27,2023.957343475616,0.7315999999999999,4,2500,5200,204.51
Tripoli,2,Daniel Harris,F-16,2023.957343475616,0.7315999999999999,4,2400,5000,204.50
Tripoli,2,Daniel Harris,MiG-29,2023.957343475616,0.7315999999999999,4,2450,4500,204.50
Tripoli,2,Daniel Harris,Rafale,2023.957343475616,0.7784,4,2130,4700,204.50
Tripoli,2,Daniel Harris,F/A-18,2023.957343475616,0.7784,4,1915,4900,204.49
Khartoum,2,Jessica Miller,F-35,1852.4702015441171,0.7111999999999999,10,3000,6000,188.59
Khartoum,2,Jessica Miller,Eurofighter Typhoon,1852.4702015441171,0.7111999999999999,10,2495,5600,188.56
Khartoum,2,Jessica Miller,Su-27,1852.4702015441171,0.7111999999999999,10,2500,5200,188.56
Khartoum,2,Jessica Miller,F-16,1852.4702015441171,0.7111999999999999,10,2400,5000,188.55
Khartoum,2,Jessica Miller,MiG-29,1852.4702015441171,0.7111999999999999,10,2450,4500,188.55
Khartoum,2,Jessica Miller,Rafale,1852.4702015441171,0.7111999999999999,10,2130,4700,188.54
Khartoum,2,Jessica Miller,F/A-18,1852.4702015441171,0.6913999999999999,10,1915,4900,188.53
Khartoum,2,Emily Davis,F-35,1852.4702015441171,0.7111999999999999,9,3000,6000,188.39
Khartoum,2,Emily Davis,Eurofighter Typhoon,1852.4702015441171,0.7111999999999999,9,2495,5600,188.36
Khartoum,2,Emily Davis,Su-27,1852.4702015441171,0.7111999999999999,9,2500,5200,188.36
Khartoum,2,Emily Davis,F-16,1852.4702015441171,0.7111999999999999,9,2400,5000,188.35
Khartoum,2,Emily Davis,MiG-29,1852.4702015441171,0.7111999999999999,9,2450,4500,188.35
Khartoum,2,Emily Davis,Rafale,1852.4702015441171,0.7111999999999999,9,2130,4700,188.34
Khartoum,2,Emily Davis,F/A-18,1852.4702015441171,0.6913999999999999,9,1915,4900,188.33
Khartoum,2,John Doe,F-35,1852.4702015441171,0.7111999999999999,8,3000,6000,188.19
Khartoum,2,Sarah Wilson,F-35,1852.4702015441171,0.7111999999999999,8,3000,6000,188.19
Khartoum,2,John Doe,Eurofighter Typhoon,1852.4702015441171,0.7111999999999999,8,2495,5600,188.16
Khartoum,2,Sarah Wilson,Eurofighter Typhoon,1852.4702015441171,0.7111999999999999,8,2495,5600,188.16
Khartoum,2,John Doe,Su-27,1852.4702015441171,0.7111999999999999,8,2500,5200,188.16
Khartoum,2,Sarah Wilson,Su-27,1852.4702015441171,0.7111999999999999,8,2500,5200,188.16
Khartoum,2,John Doe,F-16,1852.4702015441171,0.7111999999999999,8,2400,5000,188.15
Khartoum,2,Sarah Wilson,F-16,1852.4702015441171,0.7111999999999999,8,2400,5000,188.15
Khartoum,2,John Doe,MiG-29,1852.4702015441171,0.7111999999999999,8,2450,4500,188.15
Khartoum,2,Sarah Wilson,MiG-29,1852.4702015441171,0.7111999999999999,8,2450,4500,188.15
Khartoum,2,John Doe,Rafale,1852.4702015441171,0.7111999999999999,8,2130,4700,188.14
Khartoum,2,Sarah Wilson,Rafale,1852.4702015441171,0.7111999999999999,8,2130,4700,188.14
Khartoum,2,John Doe,F/A-18,1852.4702015441171,0.6913999999999999,8,1915,4900,188.13
Khartoum,2,Sarah Wilson,F/A-18,1852.4702015441171,0.6913999999999999,8,1915,4900,188.13
Khartoum,2,Michael Johnson,F-35,1852.4702015441171,0.7111999999999999,7,3000,6000,187.99
Khartoum,2,Chris Walker,F-35,1852.4702015441171,0.7111999999999999,7,3000,6000,187.99
Khartoum,2,Michael Johnson,Eurofighter Typhoon,1852.4702015441171,0.7111999999999999,7,2495,5600,187.96
Khartoum,2,Chris Walker,Eurofighter Typhoon,1852.4702015441171,0.7111999999999999,7,2495,5600,187.96
Khartoum,2,Michael Johnson,Su-27,1852.4702015441171,0.7111999999999999,7,2500,5200,187.96
Khartoum,2,Chris Walker,Su-27,1852.4702015441171,0.7111999999999999,7,2500,5200,187.96
Khartoum,2,Michael Johnson,F-16,1852.4702015441171,0.7111999999999999,7,2400,5000,187.95
Khartoum,2,Chris Walker,F-16,1852.4702015441171,0.7111999999999999,7,2400,5000,187.95
Khartoum,2,Michael Johnson,MiG-29,1852.4702015441171,0.7111999999999999,7,2450,4500,187.95
Khartoum,2,Chris Walker,MiG-29,1852.4702015441171,0.7111999999999999,7,2450,4500,187.95
Khartoum,2,Michael Johnson,Rafale,1852.4702015441171,0.7111999999999999,7,2130,4700,187.94
Khartoum,2,Chris Walker,Rafale,1852.4702015441171,0.7111999999999999,7,2130,4700,187.94
Khartoum,2,Michael Johnson,F/A-18,1852.4702015441171,0.6913999999999999,7,1915,4900,187.93
Khartoum,2,Chris Walker,F/A-18,1852.4702015441171,0.6913999999999999,7,1915,4900,187.93
Khartoum,2,Jane Smith,F-35,1852.4702015441171,0.7111999999999999,6,3000,6000,187.79
Khartoum,2,David Lee,F-35,1852.4702015441171,0.7111999999999999,6,3000,6000,187.79
Khartoum,2,Jane Smith,Eurofighter Typhoon,1852.4702015441171,0.7111999999999999,6,2495,5600,187.76
Khartoum,2,David Lee,Eurofighter Typhoon,1852.4702015441171,0.7111999999999999,6,2495,5600,187.76
Khartoum,2,Jane Smith,Su-27,1852.4702015441171,0.7111999999999999,6,2500,5200,187.76
Khartoum,2,David Lee,Su-27,1852.4702015441171,0.7111999999999999,6,2500,5200,187.76
Khartoum,2,Jane Smith,F-16,1852.4702015441171,0.7111999999999999,6,2400,5000,187.75
Khartoum,2,David Lee,F-16,1852.4702015441171,0.7111999999999999,6,2400,5000,187.75
Khartoum,2,Jane Smith,MiG-29,1852.4702015441171,0.7111999999999999,6,2450,4500,187.75
Khartoum,2,David Lee,MiG-29,1852.4702015441171,0.7111999999999999,6,2450,4500,187.75
Khartoum,2,Jane Smith,Rafale,1852.4702015441171,0.7111999999999999,6,2130,4700,187.74
Khartoum,2,David Lee,Rafale,1852.4702015441171,0.7111999999999999,6,2130,4700,187.74
Khartoum,2,Jane Smith,F/A-18,1852.4702015441171,0.6913999999999999,6,1915,4900,187.73
Khartoum,2,David Lee,F/A-18,1852.4702015441171,0.6913999999999999,6,1915,4900,187.73
Khartoum,2,Robert Brown,F-35,1852.4702015441171,0.7111999999999999,5,3000,6000,187.59
Khartoum,2,Robert Brown,Eurofighter Typhoon,1852.4702015441171,0.7111999999999999,5,2495,5600,187.56
Khartoum,2,Robert Brown,Su-27,1852.4702015441171,0.7111999999999999,5,2500,5200,187.56
Khartoum,2,Robert Brown,F-16,1852.4702015441171,0.7111999999999999,5,2400,5000,187.55
Khartoum,2,Robert Brown,MiG-29,1852.4702015441171,0.7111999999999999,5,2450,4500,187.55
Khartoum,2,Robert Brown,Rafale,1852.4702015441171,0.7111999999999999,5,2130,4700,187.54
Khartoum,2,Robert Brown,F/A-18,1852.4702015441171,0.6913999999999999,5,1915,4900,187.53
Khartoum,2,Daniel Harris,F-35,1852.4702015441171,0.7111999999999999,4,3000,6000,187.39
Khartoum,2,Daniel Harris,Eurofighter Typhoon,1852.4702015441171,0.7111999999999999,4,2495,5600,187.36
Khartoum,2,Daniel Harris,Su-27,1852.4702015441171,0.7111999999999999,4,2500,5200,187.36
Khartoum,2,Daniel Harris,F-16,1852.4702015441171,0.7111999999999999,4,2400,5000,187.35
Khartoum,2,Daniel Harris,MiG-29,1852.4702015441171,0.7111999999999999,4,2450,4500,187.35
Khartoum,2,Daniel Harris,Rafale,1852.4702015441171,0.7111999999999999,4,2130,4700,187.34
Khartoum,2,Daniel Harris,F/A-18,1852.4702015441171,0.6913999999999999,4,1915,4900,187.33
Tehran,5,Jessica Miller,F-35,1585.263836363685,0.6372,10,3000,6000,162.45
Tehran,5,Jessica Miller,Eurofighter Typhoon,1585.263836363685,0.6372,10,2495,5600,162.43
Tehran,5,Jessica Miller,Su-27,1585.263836363685,0.6372,10,2500,5200,162.42
Tehran,5,Jessica Miller,F-16,1585.263836363685,0.6372,10,2400,5000,162.42
Tehran,5,Jessica Miller,MiG-29,1585.263836363685,0.6372,10,2450,4500,162.41
Tehran,5,Jessica Miller,Rafale,1585.263836363685,0.6372,10,2130,4700,162.40
Tehran,5,Jessica Miller,F/A-18,1585.263836363685,0.6372,10,1915,4900,162.40
Tehran,5,Emily Davis,F-35,1585.263836363685,0.6372,9,3000,6000,162.25
Tehran,5,Emily Davis,Eurofighter Typhoon,1585.263836363685,0.6372,9,2495,5600,162.23
Tehran,5,Emily Davis,Su-27,1585.263836363685,0.6372,9,2500,5200,162.22
Tehran,5,Emily Davis,F-16,1585.263836363685,0.6372,9,2400,5000,162.22
Tehran,5,Emily Davis,MiG-29,1585.263836363685,0.6372,9,2450,4500,162.21
Tehran,5,Emily Davis,Rafale,1585.263836363685,0.6372,9,2130,4700,162.20
Tehran,5,Emily Davis,F/A-18,1585.263836363685,0.6372,9,1915,4900,162.20
Tehran,5,John Doe,F-35,1585.263836363685,0.6372,8,3000,6000,162.05
Tehran,5,Sarah Wilson,F-35,1585.263836363685,0.6372,8,3000,6000,162.05
Tehran,5,John Doe,Eurofighter Typhoon,1585.263836363685,0.6372,8,2495,5600,162.03
Tehran,5,Sarah Wilson,Eurofighter Typhoon,1585.263836363685,0.6372,8,2495,5600,162.03
Tehran,5,John Doe,Su-27,1585.263836363685,0.6372,8,2500,5200,162.02
Tehran,5,Sarah Wilson,Su-27,1585.263836363685,0.6372,8,2500,5200,162.02
Tehran,5,John Doe,F-16,1585.263836363685,0.6372,8,2400,5000,162.02
Tehran,5,Sarah Wilson,F-16,1585.263836363685,0.6372,8,2400,5000,162.02
Tehran,5,John Doe,MiG-29,1585.263836363685,0.6372,8,2450,4500,162.01
Tehran,5,Sarah Wilson,MiG-29,1585.263836363685,0.6372,8,2450,4500,162.01
Tehran,5,John Doe,Rafale,1585.263836363685,0.6372,8,2130,4700,162.00
Tehran,5,Sarah Wilson,Rafale,1585.263836363685,0.6372,8,2130,4700,162.00
Tehran,5,John Doe,F/A-18,1585.263836363685,0.6372,8,1915,4900,162.00
Tehran,5,Sarah Wilson,F/A-18,1585.263836363685,0.6372,8,1915,4900,162.00
Tehran,5,Michael Johnson,F-35,1585.263836363685,0.6372,7,3000,6000,161.85
Tehran,5,Chris Walker,F-35,1585.263836363685,0.6372,7,3000,6000,161.85
Tehran,5,Michael Johnson,Eurofighter Typhoon,1585.263836363685,0.6372,7,2495,5600,161.83
Tehran,5,Chris Walker,Eurofighter Typhoon,1585.263836363685,0.6372,7,2495,5600,161.83
Tehran,5,Michael Johnson,Su-27,1585.263836363685,0.6372,7,2500,5200,161.82
Tehran,5,Chris Walker,Su-27,1585.263836363685,0.6372,7,2500,5200,161.82
Tehran,5,Michael Johnson,F-16,1585.263836363685,0.6372,7,2400,5000,161.82
Tehran,5,Chris Walker,F-16,1585.263836363685,0.6372,7,2400,5000,161.82
Tehran,5,Michael Johnson,MiG-29,1585.263836363685,0.6372,7,2450,4500,161.81
Tehran,5,Chris Walker,MiG-29,1585.263836363685,0.6372,7,2450,4500,161.81
Tehran,5,Michael Johnson,Rafale,1585.263836363685,0.6372,7,2130,4700,161.80
Tehran,5,Chris Walker,Rafale,1585.263836363685,0.6372,7,2130,4700,161.80
Tehran,5,Michael Johnson,F/A-18,1585.263836363685,0.6372,7,1915,4900,161.80
Tehran,5,Chris Walker,F/A-18,1585.263836363685,0.6372,7,1915,4900,161.80
Tehran,5,Jane Smith,F-35,1585.263836363685,0.6372,6,3000,6000,161.65
Tehran,5,David Lee,F-35,1585.263836363685,0.6372,6,3000,6000,161.65
Tehran,5,Jane Smith,Eurofighter Typhoon,1585.263836363685,0.6372,6,2495,5600,161.63
Tehran,5,David Lee,Eurofighter Typhoon,1585.263836363685,0.6372,6,2495,5600,161.63
Tehran,5,Jane Smith,Su-27,1585.263836363685,0.6372,6,2500,5200,161.62
Tehran,5,David Lee,Su-27,1585.263836363685,0.6372,6,2500,5200,161.62
Tehran,5,Jane Smith,F-16,1585.263836363685,0.6372,6,2400,5000,161.62
Tehran,5,David Lee,F-16,1585.263836363685,0.6372,6,2400,5000,161.62
Tehran,5,Jane Smith,MiG-29,1585.263836363685,0.6372,6,2450,4500,161.61
Tehran,5,David Lee,MiG-29,1585.263836363685,0.6372,6,2450,4500,161.61
Tehran,5,Jane Smith,Rafale,1585.263836363685,0.6372,6,2130,4700,161.60
Tehran,5,David Lee,Rafale,1585.263836363685,0.6372,6,2130,4700,161.60
Tehran,5,Jane Smith,F/A-18,1585.263836363685,0.6372,6,1915,4900,161.60
Tehran,5,David Lee,F/A-18,1585.263836363685,0.6372,6,1915,4900,161.60
Tehran,5,Robert Brown,F-35,1585.263836363685,0.6372,5,3000,6000,161.45
Tehran,5,Robert Brown,Eurofighter Typhoon,1585.263836363685,0.6372,5,2495,5600,161.43
Tehran,5,Robert Brown,Su-27,1585.263836363685,0.6372,5,2500,5200,161.42
Tehran,5,Robert Brown,F-16,1585.263836363685,0.6372,5,2400,5000,161.42
Tehran,5,Robert Brown,MiG-29,1585.263836363685,0.6372,5,2450,4500,161.41
Tehran,5,Robert Brown,Rafale,1585.263836363685,0.6372,5,2130,4700,161.40
Tehran,5,Robert Brown,F/A-18,1585.263836363685,0.6372,5,1915,4900,161.40
Tehran,5,Daniel Harris,F-35,1585.263836363685,0.6372,4,3000,6000,161.25
Tehran,5,Daniel Harris,Eurofighter Typhoon,1585.263836363685,0.6372,4,2495,5600,161.23
Tehran,5,Daniel Harris,Su-27,1585.263836363685,0.6372,4,2500,5200,161.22
Tehran,5,Daniel Harris,F-16,1585.263836363685,0.6372,4,2400,5000,161.22
Tehran,5,Daniel Harris,MiG-29,1585.263836363685,0.6372,4,2450,4500,161.21
Tehran,5,Daniel Harris,Rafale,1585.263836363685,0.6372,4,2130,4700,161.20
Tehran,5,Daniel Harris,F/A-18,1585.263836363685,0.6372,4,1915,4900,161.20
Riyadh,4,Jessica Miller,F-35,1426.9773006781006,0.9196000000000001,10,3000,6000,146.48
Riyadh,4,Jessica Miller,Eurofighter Typhoon,1426.9773006781006,0.9196000000000001,10,2495,5600,146.46
Riyadh,4,Jessica Miller,Su-27,1426.9773006781006,0.9196000000000001,10,2500,5200,146.45
Riyadh,4,Jessica Miller,F-16,1426.9773006781006,0.9196000000000001,10,2400,5000,146.44
Riyadh,4,Jessica Miller,MiG-29,1426.9773006781006,0.9196000000000001,10,2450,4500,146.44
Riyadh,4,Jessica Miller,Rafale,1426.9773006781006,0.9196000000000001,10,2130,4700,146.43
Riyadh,4,Jessica Miller,F/A-18,1426.9773006781006,0.9196000000000001,10,1915,4900,146.42
Riyadh,4,Emily Davis,F-35,1426.9773006781006,0.9196000000000001,9,3000,6000,146.28
Riyadh,4,Emily Davis,Eurofighter Typhoon,1426.9773006781006,0.9196000000000001,9,2495,5600,146.26
Riyadh,4,Emily Davis,Su-27,1426.9773006781006,0.9196000000000001,9,2500,5200,146.25
Riyadh,4,Emily Davis,F-16,1426.9773006781006,0.9196000000000001,9,2400,5000,146.24
Riyadh,4,Emily Davis,MiG-29,1426.9773006781006,0.9196000000000001,9,2450,4500,146.24
Riyadh,4,Emily Davis,Rafale,1426.9773006781006,0.9196000000000001,9,2130,4700,146.23
Riyadh,4,Emily Davis,F/A-18,1426.9773006781006,0.9196000000000001,9,1915,4900,146.22
Riyadh,4,John Doe,F-35,1426.9773006781006,0.9196000000000001,8,3000,6000,146.08
Riyadh,4,Sarah Wilson,F-35,1426.9773006781006,0.9196000000000001,8,3000,6000,146.08
Riyadh,4,John Doe,Eurofighter Typhoon,1426.9773006781006,0.9196000000000001,8,2495,5600,146.06
Riyadh,4,Sarah Wilson,Eurofighter Typhoon,1426.9773006781006,0.9196000000000001,8,2495,5600,146.06
Riyadh,4,John Doe,Su-27,1426.9773006781006,0.9196000000000001,8,2500,5200,146.05
Riyadh,4,Sarah Wilson,Su-27,1426.9773006781006,0.9196000000000001,8,2500,5200,146.05
Riyadh,4,John Doe,F-16,1426.9773006781006,0.9196000000000001,8,2400,5000,146.04
Riyadh,4,Sarah Wilson,F-16,1426.9773006781006,0.9196000000000001,8,2400,5000,146.04
Riyadh,4,John Doe,MiG-29,1426.9773006781006,0.9196000000000001,8,2450,4500,146.04
Riyadh,4,Sarah Wilson,MiG-29,1426.9773006781006,0.9196000000000001,8,2450,4500,146.04
Riyadh,4,John Doe,Rafale,1426.9773006781006,0.9196000000000001,8,2130,4700,146.03
Riyadh,4,Sarah Wilson,Rafale,1426.9773006781006,0.9196000000000001,8,2130,4700,146.03
Riyadh,4,John Doe,F/A-18,1426.9773006781006,0.9196000000000001,8,1915,4900,146.02
Riyadh,4,Sarah Wilson,F/A-18,1426.9773006781006,0.9196000000000001,8,1915,4900,146.02
Riyadh,4,Michael Johnson,F-35,1426.9773006781006,0.9196000000000001,7,3000,6000,145.88
Riyadh,4,Chris Walker,F-35,1426.9773006781006,0.9196000000000001,7,3000,6000,145.88
Riyadh,4,Michael Johnson,Eurofighter Typhoon,1426.9773006781006,0.9196000000000001,7,2495,5600,145.86
Riyadh,4,Chris Walker,Eurofighter Typhoon,1426.9773006781006,0.9196000000000001,7,2495,5600,145.86
Riyadh,4,Michael Johnson,Su-27,1426.9773006781006,0.9196000000000001,7,2500,5200,145.85
Riyadh,4,Chris Walker,Su-27,1426.9773006781006,0.9196000000000001,7,2500,5200,145.85
Riyadh,4,Michael Johnson,F-16,1426.9773006781006,0.9196000000000001,7,2400,5000,145.84
Riyadh,4,Chris Walker,F-16,1426.9773006781006,0.9196000000000001,7,2400,5000,145.84
Riyadh,4,Michael Johnson,MiG-29,1426.9773006781006,0.9196000000000001,7,2450,4500,145.84
Riyadh,4,Chris Walker,MiG-29,1426.9773006781006,0.9196000000000001,7,2450,4500,145.84
Riyadh,4,Michael Johnson,Rafale,1426.9773006781006,0.9196000000000001,7,2130,4700,145.83
Riyadh,4,Chris Walker,Rafale,1426.9773006781006,0.9196000000000001,7,2130,4700,145.83
Riyadh,4,Michael Johnson,F/A-18,1426.9773006781006,0.9196000000000001,7,1915,4900,145.82
Riyadh,4,Chris Walker,F/A-18,1426.9773006781006,0.9196000000000001,7,1915,4900,145.82
Riyadh,4,Jane Smith,F-35,1426.9773006781006,0.9196000000000001,6,3000,6000,145.68
Riyadh,4,David Lee,F-35,1426.9773006781006,0.9196000000000001,6,3000,6000,145.68
Riyadh,4,Jane Smith,Eurofighter Typhoon,1426.9773006781006,0.9196000000000001,6,2495,5600,145.66
Riyadh,4,David Lee,Eurofighter Typhoon,1426.9773006781006,0.9196000000000001,6,2495,5600,145.66
Riyadh,4,Jane Smith,Su-27,1426.9773006781006,0.9196000000000001,6,2500,5200,145.65
Riyadh,4,David Lee,Su-27,1426.9773006781006,0.9196000000000001,6,2500,5200,145.65
Riyadh,4,Jane Smith,F-16,1426.9773006781006,0.9196000000000001,6,2400,5000,145.64
Riyadh,4,David Lee,F-16,1426.9773006781006,0.9196000000000001,6,2400,5000,145.64
Riyadh,4,Jane Smith,MiG-29,1426.9773006781006,0.9196000000000001,6,2450,4500,145.64
Riyadh,4,David Lee,MiG-29,1426.9773006781006,0.9196000000000001,6,2450,4500,145.64
Riyadh,4,Jane Smith,Rafale,1426.9773006781006,0.9196000000000001,6,2130,4700,145.63
Riyadh,4,David Lee,Rafale,1426.9773006781006,0.9196000000000001,6,2130,4700,145.63
Riyadh,4,Jane Smith,F/A-18,1426.9773006781006,0.9196000000000001,6,1915,4900,145.62
Riyadh,4,David Lee,F/A-18,1426.9773006781006,0.9196000000000001,6,1915,4900,145.62
Riyadh,4,Robert Brown,F-35,1426.9773006781006,0.9196000000000001,5,3000,6000,145.48
Riyadh,4,Robert Brown,Eurofighter Typhoon,1426.9773006781006,0.9196000000000001,5,2495,5600,145.46
Riyadh,4,Robert Brown,Su-27,1426.9773006781006,0.9196000000000001,5,2500,5200,145.45
Riyadh,4,Robert Brown,F-16,1426.9773006781006,0.9196000000000001,5,2400,5000,145.44
Riyadh,4,Robert Brown,MiG-29,1426.9773006781006,0.9196000000000001,5,2450,4500,145.44
Riyadh,4,Robert Brown,Rafale,1426.9773006781006,0.9196000000000001,5,2130,4700,145.43
Riyadh,4,Robert Brown,F/A-18,1426.9773006781006,0.9196000000000001,5,1915,4900,145.42
Riyadh,4,Daniel Harris,F-35,1426.9773006781006,0.9196000000000001,4,3000,6000,145.28
Riyadh,4,Daniel Harris,Eurofighter Typhoon,1426.9773006781006,0.9196000000000001,4,2495,5600,145.26
Riyadh,4,Daniel Harris,Su-27,1426.9773006781006,0.9196000000000001,4,2500,5200,145.25
Riyadh,4,Daniel Harris,F-16,1426.9773006781006,0.9196000000000001,4,2400,5000,145.24
Riyadh,4,Daniel Harris,MiG-29,1426.9773006781006,0.9196000000000001,4,2450,4500,145.24
Riyadh,4,Daniel Harris,Rafale,1426.9773006781006,0.9196000000000001,4,2130,4700,145.23
Riyadh,4,Daniel Harris,F/A-18,1426.9773006781006,0.9196000000000001,4,1915,4900,145.22
Baghdad,5,Jessica Miller,F-35,910.35962019143,0.9058,10,3000,6000,95.02
Baghdad,5,Jessica Miller,Eurofighter Typhoon,910.35962019143,0.9058,10,2495,5600,94.99
Baghdad,5,Jessica Miller,Su-27,910.35962019143,0.9058,10,2500,5200,94.99
Baghdad,5,Jessica Miller,F-16,910.35962019143,0.9058,10,2400,5000,94.98
Baghdad,5,Jessica Miller,MiG-29,910.35962019143,0.9058,10,2450,4500,94.98
Baghdad,5,Jessica Miller,Rafale,910.35962019143,0.9058,10,2130,4700,94.96
Baghdad,5,Jessica Miller,F/A-18,910.35962019143,0.9058,10,1915,4900,94.96
Baghdad,5,Emily Davis,F-35,910.35962019143,0.9058,9,3000,6000,94.82
Baghdad,5,Emily Davis,Eurofighter Typhoon,910.35962019143,0.9058,9,2495,5600,94.79
Baghdad,5,Emily Davis,Su-27,910.35962019143,0.9058,9,2500,5200,94.79
Baghdad,5,Emily Davis,F-16,910.35962019143,0.9058,9,2400,5000,94.78
Baghdad,5,Emily Davis,MiG-29,910.35962019143,0.9058,9,2450,4500,94.78
Baghdad,5,Emily Davis,Rafale,910.35962019143,0.9058,9,2130,4700,94.76
Baghdad,5,Emily Davis,F/A-18,910.35962019143,0.9058,9,1915,4900,94.76
Baghdad,5,John Doe,F-35,910.35962019143,0.9058,8,3000,6000,94.62
Baghdad,5,Sarah Wilson,F-35,910.35962019143,0.9058,8,3000,6000,94.62
Baghdad,5,John Doe,Eurofighter Typhoon,910.35962019143,0.9058,8,2495,5600,94.59
Baghdad,5,Sarah Wilson,Eurofighter Typhoon,910.35962019143,0.9058,8,2495,5600,94.59
Baghdad,5,John Doe,Su-27,910.35962019143,0.9058,8,2500,5200,94.59
Baghdad,5,Sarah Wilson,Su-27,910.35962019143,0.9058,8,2500,5200,94.59
Baghdad,5,John Doe,F-16,910.35962019143,0.9058,8,2400,5000,94.58
Baghdad,5,Sarah Wilson,F-16,910.35962019143,0.9058,8,2400,5000,94.58
Baghdad,5,John Doe,MiG-29,910.35962019143,0.9058,8,2450,4500,94.58
Baghdad,5,Sarah Wilson,MiG-29,910.35962019143,0.9058,8,2450,4500,94.58
Baghdad,5,John Doe,Rafale,910.35962019143,0.9058,8,2130,4700,94.56
Baghdad,5,Sarah Wilson,Rafale,910.35962019143,0.9058,8,2130,4700,94.56
Baghdad,5,John Doe,F/A-18,910.35962019143,0.9058,8,1915,4900,94.56
Baghdad,5,Sarah Wilson,F/A-18,910.35962019143,0.9058,8,1915,4900,94.56
Baghdad,5,Michael Johnson,F-35,910.35962019143,0.9058,7,3000,6000,94.42
Baghdad,5,Chris Walker,F-35,910.35962019143,0.9058,7,3000,6000,94.42
Baghdad,5,Michael Johnson,Eurofighter Typhoon,910.35962019143,0.9058,7,2495,5600,94.39
Baghdad,5,Chris Walker,Eurofighter Typhoon,910.35962019143,0.9058,7,2495,5600,94.39
Baghdad,5,Michael Johnson,Su-27,910.35962019143,0.9058,7,2500,5200,94.39
Baghdad,5,Chris Walker,Su-27,910.35962019143,0.9058,7,2500,5200,94.39
Baghdad,5,Michael Johnson,F-16,910.35962019143,0.9058,7,2400,5000,94.38
Baghdad,5,Chris Walker,F-16,910.35962019143,0.9058,7,2400,5000,94.38
Baghdad,5,Michael Johnson,MiG-29,910.35962019143,0.9058,7,2450,4500,94.38
Baghdad,5,Chris Walker,MiG-29,910.35962019143,0.9058,7,2450,4500,94.38
Baghdad,5,Michael Johnson,Rafale,910.35962019143,0.9058,7,2130,4700,94.36
Baghdad,5,Chris Walker,Rafale,910.35962019143,0.9058,7,2130,4700,94.36
Baghdad,5,Michael Johnson,F/A-18,910.35962019143,0.9058,7,1915,4900,94.36
Baghdad,5,Chris Walker,F/A-18,910.35962019143,0.9058,7,1915,4900,94.36
Baghdad,5,Jane Smith,F-35,910.35962019143,0.9058,6,3000,6000,94.22
Baghdad,5,David Lee,F-35,910.35962019143,0.9058,6,3000,6000,94.22
Baghdad,5,Jane Smith,Eurofighter Typhoon,910.35962019143,0.9058,6,2495,5600,94.19
Baghdad,5,David Lee,Eurofighter Typhoon,910.35962019143,0.9058,6,2495,5600,94.19
Baghdad,5,Jane Smith,Su-27,910.35962019143,0.9058,6,2500,5200,94.19
Baghdad,5,David Lee,Su-27,910.35962019143,0.9058,6,2500,5200,94.19
Baghdad,5,Jane Smith,F-16,910.35962019143,0.9058,6,2400,5000,94.18
Baghdad,5,David Lee,F-16,910.35962019143,0.9058,6,2400,5000,94.18
Baghdad,5,Jane Smith,MiG-29,910.35962019143,0.9058,6,2450,4500,94.18
Baghdad,5,David Lee,MiG-29,910.35962019143,0.9058,6,2450,4500,94.18
Baghdad,5,Jane Smith,Rafale,910.35962019143,0.9058,6,2130,4700,94.16
Baghdad,5,David Lee,Rafale,910.35962019143,0.9058,6,2130,4700,94.16
Baghdad,5,Jane Smith,F/A-18,910.35962019143,0.9058,6,1915,4900,94.16
Baghdad,5,David Lee,F/A-18,910.35962019143,0.9058,6,1915,4900,94.16
Baghdad,5,Robert Brown,F-35,910.35962019143,0.9058,5,3000,6000,94.02
Baghdad,5,Robert Brown,Eurofighter Typhoon,910.35962019143,0.9058,5,2495,5600,93.99
Baghdad,5,Robert Brown,Su-27,910.35962019143,0.9058,5,2500,5200,93.99
Baghdad,5,Robert Brown,F-16,910.35962019143,0.9058,5,2400,5000,93.98
Baghdad,5,Robert Brown,MiG-29,910.35962019143,0.9058,5,2450,4500,93.98
Baghdad,5,Robert Brown,Rafale,910.35962019143,0.9058,5,2130,4700,93.96
Baghdad,5,Robert Brown,F/A-18,910.35962019143,0.9058,5,1915,4900,93.96
Baghdad,5,Daniel Harris,F-35,910.35962019143,0.9058,4,3000,6000,93.82
Baghdad,5,Daniel Harris,Eurofighter Typhoon,910.35962019143,0.9058,4,2495,5600,93.79
Baghdad,5,Daniel Harris,Su-27,910.35962019143,0.9058,4,2500,5200,93.79
Baghdad,5,Daniel Harris,F-16,910.35962019143,0.9058,4,2400,5000,93.78
Baghdad,5,Daniel Harris,MiG-29,910.35962019143,0.9058,4,2450,4500,93.78
Baghdad,5,Daniel Harris,Rafale,910.35962019143,0.9058,4,2130,4700,93.76
Baghdad,5,Daniel Harris,F/A-18,910.35962019143,0.9058,4,1915,4900,93.76
Mosul,2,Jessica Miller,F-35,900.0411924771486,0.918,10,3000,6000,93.39
Mosul,2,Jessica Miller,Eurofighter Typhoon,900.0411924771486,0.918,10,2495,5600,93.36
Mosul,2,Jessica Miller,Su-27,900.0411924771486,0.918,10,2500,5200,93.36
Mosul,2,Jessica Miller,F-16,900.0411924771486,0.918,10,2400,5000,93.35
Mosul,2,Jessica Miller,MiG-29,900.0411924771486,0.918,10,2450,4500,93.35
Mosul,2,Jessica Miller,Rafale,900.0411924771486,0.918,10,2130,4700,93.34
Mosul,2,Jessica Miller,F/A-18,900.0411924771486,0.918,10,1915,4900,93.33
Mosul,2,Emily Davis,F-35,900.0411924771486,0.918,9,3000,6000,93.19
Mosul,2,Emily Davis,Eurofighter Typhoon,900.0411924771486,0.918,9,2495,5600,93.16
Mosul,2,Emily Davis,Su-27,900.0411924771486,0.918,9,2500,5200,93.16
Mosul,2,Emily Davis,F-16,900.0411924771486,0.918,9,2400,5000,93.15
Mosul,2,Emily Davis,MiG-29,900.0411924771486,0.918,9,2450,4500,93.15
Mosul,2,Emily Davis,Rafale,900.0411924771486,0.918,9,2130,4700,93.14
Mosul,2,Emily Davis,F/A-18,900.0411924771486,0.918,9,1915,4900,93.13
Mosul,2,John Doe,F-35,900.0411924771486,0.918,8,3000,6000,92.99
Mosul,2,Sarah Wilson,F-35,900.0411924771486,0.918,8,3000,6000,92.99
Mosul,2,John Doe,Eurofighter Typhoon,900.0411924771486,0.918,8,2495,5600,92.96
Mosul,2,Sarah Wilson,Eurofighter Typhoon,900.0411924771486,0.918,8,2495,5600,92.96
Mosul,2,John Doe,Su-27,900.0411924771486,0.918,8,2500,5200,92.96
Mosul,2,Sarah Wilson,Su-27,900.0411924771486,0.918,8,2500,5200,92.96
Mosul,2,John Doe,F-16,900.0411924771486,0.918,8,2400,5000,92.95
Mosul,2,Sarah Wilson,F-16,900.0411924771486,0.918,8,2400,5000,92.95
Mosul,2,John Doe,MiG-29,900.0411924771486,0.918,8,2450,4500,92.95
Mosul,2,Sarah Wilson,MiG-29,900.0411924771486,0.918,8,2450,4500,92.95
Mosul,2,John Doe,Rafale,900.0411924771486,0.918,8,2130,4700,92.94
Mosul,2,Sarah Wilson,Rafale,900.0411924771486,0.918,8,2130,4700,92.94
Mosul,2,John Doe,F/A-18,900.0411924771486,0.918,8,1915,4900,92.93
Mosul,2,Sarah Wilson,F/A-18,900.0411924771486,0.918,8,1915,4900,92.93
Mosul,2,Michael Johnson,F-35,900.0411924771486,0.918,7,3000,6000,92.79
Mosul,2,Chris Walker,F-35,900.0411924771486,0.918,7,3000,6000,92.79
Mosul,2,Michael Johnson,Eurofighter Typhoon,900.0411924771486,0.918,7,2495,5600,92.76
Mosul,2,Chris Walker,Eurofighter Typhoon,900.0411924771486,0.918,7,2495,5600,92.76
Mosul,2,Michael Johnson,Su-27,900.0411924771486,0.918,7,2500,5200,92.76
Mosul,2,Chris Walker,Su-27,900.0411924771486,0.918,7,2500,5200,92.76
Mosul,2,Michael Johnson,F-16,900.0411924771486,0.918,7,2400,5000,92.75
Mosul,2,Chris Walker,F-16,900.0411924771486,0.918,7,2400,5000,92.75
Mosul,2,Michael Johnson,MiG-29,900.0411924771486,0.918,7,2450,4500,92.75
Mosul,2,Chris Walker,MiG-29,900.0411924771486,0.918,7,2450,4500,92.75
Mosul,2,Michael Johnson,Rafale,900.0411924771486,0.918,7,2130,4700,92.74
Mosul,2,Chris Walker,Rafale,900.0411924771486,0.918,7,2130,4700,92.74
Mosul,2,Michael Johnson,F/A-18,900.0411924771486,0.918,7,1915,4900,92.73
Mosul,2,Chris Walker,F/A-18,900.0411924771486,0.918,7,1915,4900,92.73
Mosul,2,Jane Smith,F-35,900.0411924771486,0.918,6,3000,6000,92.59
Mosul,2,David Lee,F-35,900.0411924771486,0.918,6,3000,6000,92.59
Mosul,2,Jane Smith,Eurofighter Typhoon,900.0411924771486,0.918,6,2495,5600,92.56
Mosul,2,David Lee,Eurofighter Typhoon,900.0411924771486,0.918,6,2495,5600,92.56
Mosul,2,Jane Smith,Su-27,900.0411924771486,0.918,6,2500,5200,92.56
Mosul,2,David Lee,Su-27,900.0411924771486,0.918,6,2500,5200,92.56
Mosul,2,Jane Smith,F-16,900.0411924771486,0.918,6,2400,5000,92.55
Mosul,2,David Lee,F-16,900.0411924771486,0.918,6,2400,5000,92.55
Mosul,2,Jane Smith,MiG-29,900.0411924771486,0.918,6,2450,4500,92.55
Mosul,2,David Lee,MiG-29,900.0411924771486,0.918,6,2450,4500,92.55
Mosul,2,Jane Smith,Rafale,900.0411924771486,0.918,6,2130,4700,92.54
Mosul,2,David Lee,Rafale,900.0411924771486,0.918,6,2130,4700,92.54
Mosul,2,Jane Smith,F/A-18,900.0411924771486,0.918,6,1915,4900,92.53
Mosul,2,David Lee,F/A-18,900.0411924771486,0.918,6,1915,4900,92.53
Mosul,2,Robert Brown,F-35,900.0411924771486,0.918,5,3000,6000,92.39
Mosul,2,Robert Brown,Eurofighter Typhoon,900.0411924771486,0.918,5,2495,5600,92.36
Mosul,2,Robert Brown,Su-27,900.0411924771486,0.918,5,2500,5200,92.36
Mosul,2,Robert Brown,F-16,900.0411924771486,0.918,5,2400,5000,92.35
Mosul,2,Robert Brown,MiG-29,900.0411924771486,0.918,5,2450,4500,92.35
Mosul,2,Robert Brown,Rafale,900.0411924771486,0.918,5,2130,4700,92.34
Mosul,2,Robert Brown,F/A-18,900.0411924771486,0.918,5,1915,4900,92.33
Mosul,2,Daniel Harris,F-35,900.0411924771486,0.918,4,3000,6000,92.19
Mosul,2,Daniel Harris,Eurofighter Typhoon,900.0411924771486,0.918,4,2495,5600,92.16
Mosul,2,Daniel Harris,Su-27,900.0411924771486,0.918,4,2500,5200,92.16
Mosul,2,Daniel Harris,F-16,900.0411924771486,0.918,4,2400,5000,92.15
Mosul,2,Daniel Harris,MiG-29,900.0411924771486,0.918,4,2450,4500,92.15
Mosul,2,Daniel Harris,Rafale,900.0411924771486,0.918,4,2130,4700,92.14
Mosul,2,Daniel Harris,F/A-18,900.0411924771486,0.918,4,1915,4900,92.13
Fallujah,1,Jessica Miller,F-35,853.1937419986658,0.9082000000000001,10,3000,6000,88.50
Fallujah,1,Jessica Miller,Eurofighter Typhoon,853.1937419986658,0.9082000000000001,10,2495,5600,88.48
Fallujah,1,Jessica Miller,Su-27,853.1937419986658,0.9082000000000001,10,2500,5200,88.47
Fallujah,1,Jessica Miller,F-16,853.1937419986658,0.9082000000000001,10,2400,5000,88.46
Fallujah,1,Jessica Miller,MiG-29,853.1937419986658,0.9082000000000001,10,2450,4500,88.46
Fallujah,1,Jessica Miller,Rafale,853.1937419986658,0.9082000000000001,10,2130,4700,88.45
Fallujah,1,Jessica Miller,F/A-18,853.1937419986658,0.9082000000000001,10,1915,4900,88.44
Fallujah,1,Emily Davis,F-35,853.1937419986658,0.9082000000000001,9,3000,6000,88.30
Fallujah,1,Emily Davis,Eurofighter Typhoon,853.1937419986658,0.9082000000000001,9,2495,5600,88.28
Fallujah,1,Emily Davis,Su-27,853.1937419986658,0.9082000000000001,9,2500,5200,88.27
Fallujah,1,Emily Davis,F-16,853.1937419986658,0.9082000000000001,9,2400,5000,88.26
Fallujah,1,Emily Davis,MiG-29,853.1937419986658,0.9082000000000001,9,2450,4500,88.26
Fallujah,1,Emily Davis,Rafale,853.1937419986658,0.9082000000000001,9,2130,4700,88.25
Fallujah,1,Emily Davis,F/A-18,853.1937419986658,0.9082000000000001,9,1915,4900,88.24
Fallujah,1,John Doe,F-35,853.1937419986658,0.9082000000000001,8,3000,6000,88.10
Fallujah,1,Sarah Wilson,F-35,853.1937419986658,0.9082000000000001,8,3000,6000,88.10
Fallujah,1,John Doe,Eurofighter Typhoon,853.1937419986658,0.9082000000000001,8,2495,5600,88.08
Fallujah,1,Sarah Wilson,Eurofighter Typhoon,853.1937419986658,0.9082000000000001,8,2495,5600,88.08
Fallujah,1,John Doe,Su-27,853.1937419986658,0.9082000000000001,8,2500,5200,88.07
Fallujah,1,Sarah Wilson,Su-27,853.1937419986658,0.9082000000000001,8,2500,5200,88.07
Fallujah,1,John Doe,F-16,853.1937419986658,0.9082000000000001,8,2400,5000,88.06
Fallujah,1,Sarah Wilson,F-16,853.1937419986658,0.9082000000000001,8,2400,5000,88.06
Fallujah,1,John Doe,MiG-29,853.1937419986658,0.9082000000000001,8,2450,4500,88.06
Fallujah,1,Sarah Wilson,MiG-29,853.1937419986658,0.9082000000000001,8,2450,4500,88.06
Fallujah,1,John Doe,Rafale,853.1937419986658,0.9082000000000001,8,2130,4700,88.05
Fallujah,1,Sarah Wilson,Rafale,853.1937419986658,0.9082000000000001,8,2130,4700,88.05
Fallujah,1,John Doe,F/A-18,853.1937419986658,0.9082000000000001,8,1915,4900,88.04
Fallujah,1,Sarah Wilson,F/A-18,853.1937419986658,0.9082000000000001,8,1915,4900,88.04
Fallujah,1,Michael Johnson,F-35,853.1937419986658,0.9082000000000001,7,3000,6000,87.90
Fallujah,1,Chris Walker,F-35,853.1937419986658,0.9082000000000001,7,3000,6000,87.90
Fallujah,1,Michael Johnson,Eurofighter Typhoon,853.1937419986658,0.9082000000000001,7,2495,5600,87.88
Fallujah,1,Chris Walker,Eurofighter Typhoon,853.1937419986658,0.9082000000000001,7,2495,5600,87.88
Fallujah,1,Michael Johnson,Su-27,853.1937419986658,0.9082000000000001,7,2500,5200,87.87
Fallujah,1,Chris Walker,Su-27,853.1937419986658,0.9082000000000001,7,2500,5200,87.87
Fallujah,1,Michael Johnson,F-16,853.1937419986658,0.9082000000000001,7,2400,5000,87.86
Fallujah,1,Chris Walker,F-16,853.1937419986658,0.9082000000000001,7,2400,5000,87.86
Fallujah,1,Michael Johnson,MiG-29,853.1937419986658,0.9082000000000001,7,2450,4500,87.86
Fallujah,1,Chris Walker,MiG-29,853.1937419986658,0.9082000000000001,7,2450,4500,87.86
Fallujah,1,Michael Johnson,Rafale,853.1937419986658,0.9082000000000001,7,2130,4700,87.85
Fallujah,1,Chris Walker,Rafale,853.1937419986658,0.9082000000000001,7,2130,4700,87.85
Fallujah,1,Michael Johnson,F/A-18,853.1937419986658,0.9082000000000001,7,1915,4900,87.84
Fallujah,1,Chris Walker,F/A-18,853.1937419986658,0.9082000000000001,7,1915,4900,87.84
Fallujah,1,Jane Smith,F-35,853.1937419986658,0.9082000000000001,6,3000,6000,87.70
Fallujah,1,David Lee,F-35,853.1937419986658,0.9082000000000001,6,3000,6000,87.70
Fallujah,1,Jane Smith,Eurofighter Typhoon,853.1937419986658,0.9082000000000001,6,2495,5600,87.68
Fallujah,1,David Lee,Eurofighter Typhoon,853.1937419986658,0.9082000000000001,6,2495,5600,87.68
Fallujah,1,Jane Smith,Su-27,853.1937419986658,0.9082000000000001,6,2500,5200,87.67
Fallujah,1,David Lee,Su-27,853.1937419986658,0.9082000000000001,6,2500,5200,87.67
Fallujah,1,Jane Smith,F-16,853.1937419986658,0.9082000000000001,6,2400,5000,87.66
Fallujah,1,David Lee,F-16,853.1937419986658,0.9082000000000001,6,2400,5000,87.66
Fallujah,1,Jane Smith,MiG-29,853.1937419986658,0.9082000000000001,6,2450,4500,87.66
Fallujah,1,David Lee,MiG-29,853.1937419986658,0.9082000000000001,6,2450,4500,87.66
Fallujah,1,Jane Smith,Rafale,853.1937419986658,0.9082000000000001,6,2130,4700,87.65
Fallujah,1,David Lee,Rafale,853.1937419986658,0.9082000000000001,6,2130,4700,87.65
Fallujah,1,Jane Smith,F/A-18,853.1937419986658,0.9082000000000001,6,1915,4900,87.64
Fallujah,1,David Lee,F/A-18,853.1937419986658,0.9082000000000001,6,1915,4900,87.64
Fallujah,1,Robert Brown,F-35,853.1937419986658,0.9082000000000001,5,3000,6000,87.50
Fallujah,1,Robert Brown,Eurofighter Typhoon,853.1937419986658,0.9082000000000001,5,2495,5600,87.48
Fallujah,1,Robert Brown,Su-27,853.1937419986658,0.9082000000000001,5,2500,5200,87.47
Fallujah,1,Robert Brown,F-16,853.1937419986658,0.9082000000000001,5,2400,5000,87.46
Fallujah,1,Robert Brown,MiG-29,853.1937419986658,0.9082000000000001,5,2450,4500,87.46
Fallujah,1,Robert Brown,Rafale,853.1937419986658,0.9082000000000001,5,2130,4700,87.45
Fallujah,1,Robert Brown,F/A-18,853.1937419986658,0.9082000000000001,5,1915,4900,87.44
Fallujah,1,Daniel Harris,F-35,853.1937419986658,0.9082000000000001,4,3000,6000,87.30
Fallujah,1,Daniel Harris,Eurofighter Typhoon,853.1937419986658,0.9082000000000001,4,2495,5600,87.28
Fallujah,1,Daniel Harris,Su-27,853.1937419986658,0.9082000000000001,4,2500,5200,87.27
Fallujah,1,Daniel Harris,F-16,853.1937419986658,0.9082000000000001,4,2400,5000,87.26
Fallujah,1,Daniel Harris,MiG-29,853.1937419986658,0.9082000000000001,4,2450,4500,87.26
Fallujah,1,Daniel Harris,Rafale,853.1937419986658,0.9082000000000001,4,2130,4700,87.25
Fallujah,1,Daniel Harris,F/A-18,853.1937419986658,0.9082000000000001,4,1915,4900,87.24
Cairo,3,Jessica Miller,F-35,404.61398586598125,0.8362,10,3000,6000,44.03
Cairo,3,Jessica Miller,Eurofighter Typhoon,404.61398586598125,0.8362,10,2495,5600,44.00
Cairo,3,Jessica Miller,Su-27,404.61398586598125,0.8362,10,2500,5200,44.00
Cairo,3,Jessica Miller,F-16,404.61398586598125,0.8362,10,2400,5000,43.99
Cairo,3,Jessica Miller,MiG-29,404.61398586598125,0.8362,10,2450,4500,43.99
Cairo,3,Jessica Miller,Rafale,404.61398586598125,0.8362,10,2130,4700,43.98
Cairo,3,Jessica Miller,F/A-18,404.61398586598125,0.8362,10,1915,4900,43.97
Cairo,3,Emily Davis,F-35,404.61398586598125,0.8362,9,3000,6000,43.83
Cairo,3,Emily Davis,Eurofighter Typhoon,404.61398586598125,0.8362,9,2495,5600,43.80
Cairo,3,Emily Davis,Su-27,404.61398586598125,0.8362,9,2500,5200,43.80
Cairo,3,Emily Davis,F-16,404.61398586598125,0.8362,9,2400,5000,43.79
Cairo,3,Emily Davis,MiG-29,404.61398586598125,0.8362,9,2450,4500,43.79
Cairo,3,Emily Davis,Rafale,404.61398586598125,0.8362,9,2130,4700,43.78
Cairo,3,Emily Davis,F/A-18,404.61398586598125,0.8362,9,1915,4900,43.77
Cairo,3,John Doe,F-35,404.61398586598125,0.8362,8,3000,6000,43.63
Cairo,3,Sarah Wilson,F-35,404.61398586598125,0.8362,8,3000,6000,43.63
Cairo,3,John Doe,Eurofighter Typhoon,404.61398586598125,0.8362,8,2495,5600,43.60
Cairo,3,Sarah Wilson,Eurofighter Typhoon,404.61398586598125,0.8362,8,2495,5600,43.60
Cairo,3,John Doe,Su-27,404.61398586598125,0.8362,8,2500,5200,43.60
Cairo,3,Sarah Wilson,Su-27,404.61398586598125,0.8362,8,2500,5200,43.60
Cairo,3,John Doe,F-16,404.61398586598125,0.8362,8,2400,5000,43.59
Cairo,3,Sarah Wilson,F-16,404.61398586598125,0.8362,8,2400,5000,43.59
Cairo,3,John Doe,MiG-29,404.61398586598125,0.8362,8,2450,4500,43.59
Cairo,3,Sarah Wilson,MiG-29,404.61398586598125,0.8362,8,2450,4500,43.59
Cairo,3,John Doe,Rafale,404.61398586598125,0.8362,8,2130,4700,43.58
Cairo,3,Sarah Wilson,Rafale,404.61398586598125,0.8362,8,2130,4700,43.58
Cairo,3,John Doe,F/A-18,404.61398586598125,0.8362,8,1915,4900,43.57
Cairo,3,Sarah Wilson,F/A-18,404.61398586598125,0.8362,8,1915,4900,43.57
Cairo,3,Michael Johnson,F-35,404.61398586598125,0.8362,7,3000,6000,43.43
Cairo,3,Chris Walker,F-35,404.61398586598125,0.8362,7,3000,6000,43.43
Cairo,3,Michael Johnson,Eurofighter Typhoon,404.61398586598125,0.8362,7,2495,5600,43.40
Cairo,3,Chris Walker,Eurofighter Typhoon,404.61398586598125,0.8362,7,2495,5600,43.40
Cairo,3,Michael Johnson,Su-27,404.61398586598125,0.8362,7,2500,5200,43.40
Cairo,3,Chris Walker,Su-27,404.61398586598125,0.8362,7,2500,5200,43.40
Cairo,3,Michael Johnson,F-16,404.61398586598125,0.8362,7,2400,5000,43.39
Cairo,3,Chris Walker,F-16,404.61398586598125,0.8362,7,2400,5000,43.39
Cairo,3,Michael Johnson,MiG-29,404.61398586598125,0.8362,7,2450,4500,43.39
Cairo,3,Chris Walker,MiG-29,404.61398586598125,0.8362,7,2450,4500,43.39
Cairo,3,Michael Johnson,Rafale,404.61398586598125,0.8362,7,2130,4700,43.38
Cairo,3,Chris Walker,Rafale,404.61398586598125,0.8362,7,2130,4700,43.38
Cairo,3,Michael Johnson,F/A-18,404.61398586598125,0.8362,7,1915,4900,43.37
Cairo,3,Chris Walker,F/A-18,404.61398586598125,0.8362,7,1915,4900,43.37
Cairo,3,Jane Smith,F-35,404.61398586598125,0.8362,6,3000,6000,43.23
Cairo,3,David Lee,F-35,404.61398586598125,0.8362,6,3000,6000,43.23
Cairo,3,Jane Smith,Eurofighter Typhoon,404.61398586598125,0.8362,6,2495,5600,43.20
Cairo,3,David Lee,Eurofighter Typhoon,404.61398586598125,0.8362,6,2495,5600,43.20
Cairo,3,Jane Smith,Su-27,404.61398586598125,0.8362,6,2500,5200,43.20
Cairo,3,David Lee,Su-27,404.61398586598125,0.8362,6,2500,5200,43.20
Cairo,3,Jane Smith,F-16,404.61398586598125,0.8362,6,2400,5000,43.19
Cairo,3,David Lee,F-16,404.61398586598125,0.8362,6,2400,5000,43.19
Cairo,3,Jane Smith,MiG-29,404.61398586598125,0.8362,6,2450,4500,43.19
Cairo,3,David Lee,MiG-29,404.61398586598125,0.8362,6,2450,4500,43.19
Cairo,3,Jane Smith,Rafale,404.61398586598125,0.8362,6,2130,4700,43.18
Cairo,3,David Lee,Rafale,404.61398586598125,0.8362,6,2130,4700,43.18
Cairo,3,Jane Smith,F/A-18,404.61398586598125,0.8362,6,1915,4900,43.17
Cairo,3,David Lee,F/A-18,404.61398586598125,0.8362,6,1915,4900,43.17
Cairo,3,Robert Brown,F-35,404.61398586598125,0.8362,5,3000,6000,43.03
Cairo,3,Robert Brown,Eurofighter Typhoon,404.61398586598125,0.8362,5,2495,5600,43.00
Cairo,3,Robert Brown,Su-27,404.61398586598125,0.8362,5,2500,5200,43.00
Cairo,3,Robert Brown,F-16,404.61398586598125,0.8362,5,2400,5000,42.99
Cairo,3,Robert Brown,MiG-29,404.61398586598125,0.8362,5,2450,4500,42.99
Cairo,3,Robert Brown,Rafale,404.61398586598125,0.8362,5,2130,4700,42.98
Cairo,3,Robert Brown,F/A-18,404.61398586598125,0.8362,5,1915,4900,42.97
Cairo,3,Daniel Harris,F-35,404.61398586598125,0.8362,4,3000,6000,42.83
Cairo,3,Daniel Harris,Eurofighter Typhoon,404.61398586598125,0.8362,4,2495,5600,42.80
Cairo,3,Daniel Harris,Su-27,404.61398586598125,0.8362,4,2500,5200,42.80
Cairo,3,Daniel Harris,F-16,404.61398586598125,0.8362,4,2400,5000,42.79
Cairo,3,Daniel Harris,MiG-29,404.61398586598125,0.8362,4,2450,4500,42.79
Cairo,3,Daniel Harris,Rafale,404.61398586598125,0.8362,4,2130,4700,42.78
Cairo,3,Daniel Harris,F/A-18,404.61398586598125,0.8362,4,1915,4900,42.77
Damascus,5,Jessica Miller,F-35,212.15042069253155,0.9810000000000001,10,3000,6000,25.21
Damascus,5,Jessica Miller,Eurofighter Typhoon,212.15042069253155,0.9810000000000001,10,2495,5600,25.19
Damascus,5,Jessica Miller,Su-27,212.15042069253155,0.9810000000000001,10,2500,5200,25.18
Damascus,5,Jessica Miller,F-16,212.15042069253155,0.9810000000000001,10,2400,5000,25.17
Damascus,5,Jessica Miller,MiG-29,212.15042069253155,0.9810000000000001,10,2450,4500,25.17
Damascus,5,Jessica Miller,Rafale,212.15042069253155,0.9810000000000001,10,2130,4700,25.16
Damascus,5,Jessica Miller,F/A-18,212.15042069253155,0.9810000000000001,10,1915,4900,25.15
Damascus,5,Emily Davis,F-35,212.15042069253155,0.9810000000000001,9,3000,6000,25.01
Damascus,5,Emily Davis,Eurofighter Typhoon,212.15042069253155,0.9810000000000001,9,2495,5600,24.99
Damascus,5,Emily Davis,Su-27,212.15042069253155,0.9810000000000001,9,2500,5200,24.98
Damascus,5,Emily Davis,F-16,212.15042069253155,0.9810000000000001,9,2400,5000,24.97
Damascus,5,Emily Davis,MiG-29,212.15042069253155,0.9810000000000001,9,2450,4500,24.97
Damascus,5,Emily Davis,Rafale,212.15042069253155,0.9810000000000001,9,2130,4700,24.96
Damascus,5,Emily Davis,F/A-18,212.15042069253155,0.9810000000000001,9,1915,4900,24.95
Damascus,5,John Doe,F-35,212.15042069253155,0.9810000000000001,8,3000,6000,24.81
Damascus,5,Sarah Wilson,F-35,212.15042069253155,0.9810000000000001,8,3000,6000,24.81
Damascus,5,John Doe,Eurofighter Typhoon,212.15042069253155,0.9810000000000001,8,2495,5600,24.79
Damascus,5,Sarah Wilson,Eurofighter Typhoon,212.15042069253155,0.9810000000000001,8,2495,5600,24.79
Damascus,5,John Doe,Su-27,212.15042069253155,0.9810000000000001,8,2500,5200,24.78
Damascus,5,Sarah Wilson,Su-27,212.15042069253155,0.9810000000000001,8,2500,5200,24.78
Damascus,5,John Doe,F-16,212.15042069253155,0.9810000000000001,8,2400,5000,24.77
Damascus,5,Sarah Wilson,F-16,212.15042069253155,0.9810000000000001,8,2400,5000,24.77
Damascus,5,John Doe,MiG-29,212.15042069253155,0.9810000000000001,8,2450,4500,24.77
Damascus,5,Sarah Wilson,MiG-29,212.15042069253155,0.9810000000000001,8,2450,4500,24.77
Damascus,5,John Doe,Rafale,212.15042069253155,0.9810000000000001,8,2130,4700,24.76
Damascus,5,Sarah Wilson,Rafale,212.15042069253155,0.9810000000000001,8,2130,4700,24.76
Damascus,5,John Doe,F/A-18,212.15042069253155,0.9810000000000001,8,1915,4900,24.75
Damascus,5,Sarah Wilson,F/A-18,212.15042069253155,0.9810000000000001,8,1915,4900,24.75
Beirut,3,Jessica Miller,F-35,211.27543641047737,0.7786,10,3000,6000,24.68
Beirut,3,Jessica Miller,Eurofighter Typhoon,211.27543641047737,0.7786,10,2495,5600,24.66
Beirut,3,Jessica Miller,Su-27,211.27543641047737,0.7786,10,2500,5200,24.65
Beirut,3,Jessica Miller,F-16,211.27543641047737,0.7786,10,2400,5000,24.65
Beirut,3,Jessica Miller,MiG-29,211.27543641047737,0.7786,10,2450,4500,24.64
Beirut,3,Jessica Miller,Rafale,211.27543641047737,0.7786,10,2130,4700,24.63
Beirut,3,Jessica Miller,F/A-18,211.27543641047737,0.7786,10,1915,4900,24.63
Damascus,5,Michael Johnson,F-35,212.15042069253155,0.9810000000000001,7,3000,6000,24.61
Damascus,5,Chris Walker,F-35,212.15042069253155,0.9810000000000001,7,3000,6000,24.61
Damascus,5,Michael Johnson,Eurofighter Typhoon,212.15042069253155,0.9810000000000001,7,2495,5600,24.59
Damascus,5,Chris Walker,Eurofighter Typhoon,212.15042069253155,0.9810000000000001,7,2495,5600,24.59
Damascus,5,Michael Johnson,Su-27,212.15042069253155,0.9810000000000001,7,2500,5200,24.58
Damascus,5,Chris Walker,Su-27,212.15042069253155,0.9810000000000001,7,2500,5200,24.58
Damascus,5,Michael Johnson,F-16,212.15042069253155,0.9810000000000001,7,2400,5000,24.57
Damascus,5,Chris Walker,F-16,212.15042069253155,0.9810000000000001,7,2400,5000,24.57
Damascus,5,Michael Johnson,MiG-29,212.15042069253155,0.9810000000000001,7,2450,4500,24.57
Damascus,5,Chris Walker,MiG-29,212.15042069253155,0.9810000000000001,7,2450,4500,24.57
Damascus,5,Michael Johnson,Rafale,212.15042069253155,0.9810000000000001,7,2130,4700,24.56
Damascus,5,Chris Walker,Rafale,212.15042069253155,0.9810000000000001,7,2130,4700,24.56
Damascus,5,Michael Johnson,F/A-18,212.15042069253155,0.9810000000000001,7,1915,4900,24.55
Damascus,5,Chris Walker,F/A-18,212.15042069253155,0.9810000000000001,7,1915,4900,24.55
Beirut,3,Emily Davis,F-35,211.27543641047737,0.7786,9,3000,6000,24.48
Beirut,3,Emily Davis,Eurofighter Typhoon,211.27543641047737,0.7786,9,2495,5600,24.46
Beirut,3,Emily Davis,Su-27,211.27543641047737,0.7786,9,2500,5200,24.45
Beirut,3,Emily Davis,F-16,211.27543641047737,0.7786,9,2400,5000,24.45
Beirut,3,Emily Davis,MiG-29,211.27543641047737,0.7786,9,2450,4500,24.44
Beirut,3,Emily Davis,Rafale,211.27543641047737,0.7786,9,2130,4700,24.43
Beirut,3,Emily Davis,F/A-18,211.27543641047737,0.7786,9,1915,4900,24.43
Damascus,5,Jane Smith,F-35,212.15042069253155,0.9810000000000001,6,3000,6000,24.41
Damascus,5,David Lee,F-35,212.15042069253155,0.9810000000000001,6,3000,6000,24.41
Damascus,5,Jane Smith,Eurofighter Typhoon,212.15042069253155,0.9810000000000001,6,2495,5600,24.39
Damascus,5,David Lee,Eurofighter Typhoon,212.15042069253155,0.9810000000000001,6,2495,5600,24.39
Damascus,5,Jane Smith,Su-27,212.15042069253155,0.9810000000000001,6,2500,5200,24.38
Damascus,5,David Lee,Su-27,212.15042069253155,0.9810000000000001,6,2500,5200,24.38
Damascus,5,Jane Smith,F-16,212.15042069253155,0.9810000000000001,6,2400,5000,24.37
Damascus,5,David Lee,F-16,212.15042069253155,0.9810000000000001,6,2400,5000,24.37
Damascus,5,Jane Smith,MiG-29,212.15042069253155,0.9810000000000001,6,2450,4500,24.37
Damascus,5,David Lee,MiG-29,212.15042069253155,0.9810000000000001,6,2450,4500,24.37
Damascus,5,Jane Smith,Rafale,212.15042069253155,0.9810000000000001,6,2130,4700,24.36
Damascus,5,David Lee,Rafale,212.15042069253155,0.9810000000000001,6,2130,4700,24.36
Damascus,5,Jane Smith,F/A-18,212.15042069253155,0.9810000000000001,6,1915,4900,24.35
Damascus,5,David Lee,F/A-18,212.15042069253155,0.9810000000000001,6,1915,4900,24.35
Beirut,3,John Doe,F-35,211.27543641047737,0.7786,8,3000,6000,24.28
Beirut,3,Sarah Wilson,F-35,211.27543641047737,0.7786,8,3000,6000,24.28
Beirut,3,John Doe,Eurofighter Typhoon,211.27543641047737,0.7786,8,2495,5600,24.26
Beirut,3,Sarah Wilson,Eurofighter Typhoon,211.27543641047737,0.7786,8,2495,5600,24.26
Beirut,3,John Doe,Su-27,211.27543641047737,0.7786,8,2500,5200,24.25
Beirut,3,Sarah Wilson,Su-27,211.27543641047737,0.7786,8,2500,5200,24.25
Beirut,3,John Doe,F-16,211.27543641047737,0.7786,8,2400,5000,24.25
Beirut,3,Sarah Wilson,F-16,211.27543641047737,0.7786,8,2400,5000,24.25
Beirut,3,John Doe,MiG-29,211.27543641047737,0.7786,8,2450,4500,24.24
Beirut,3,Sarah Wilson,MiG-29,211.27543641047737,0.7786,8,2450,4500,24.24
Beirut,3,John Doe,Rafale,211.27543641047737,0.7786,8,2130,4700,24.23
Beirut,3,Sarah Wilson,Rafale,211.27543641047737,0.7786,8,2130,4700,24.23
Beirut,3,John Doe,F/A-18,211.27543641047737,0.7786,8,1915,4900,24.23
Beirut,3,Sarah Wilson,F/A-18,211.27543641047737,0.7786,8,1915,4900,24.23
Damascus,5,Robert Brown,F-35,212.15042069253155,0.9810000000000001,5,3000,6000,24.21
Damascus,5,Robert Brown,Eurofighter Typhoon,212.15042069253155,0.9810000000000001,5,2495,5600,24.19
Damascus,5,Robert Brown,Su-27,212.15042069253155,0.9810000000000001,5,2500,5200,24.18
Damascus,5,Robert Brown,F-16,212.15042069253155,0.9810000000000001,5,2400,5000,24.17
Damascus,5,Robert Brown,MiG-29,212.15042069253155,0.9810000000000001,5,2450,4500,24.17
Damascus,5,Robert Brown,Rafale,212.15042069253155,0.9810000000000001,5,2130,4700,24.16
Damascus,5,Robert Brown,F/A-18,212.15042069253155,0.9810000000000001,5,1915,4900,24.15
Beirut,3,Michael Johnson,F-35,211.27543641047737,0.7786,7,3000,6000,24.08
Beirut,3,Chris Walker,F-35,211.27543641047737,0.7786,7,3000,6000,24.08
Beirut,3,Michael Johnson,Eurofighter Typhoon,211.27543641047737,0.7786,7,2495,5600,24.06
Beirut,3,Chris Walker,Eurofighter Typhoon,211.27543641047737,0.7786,7,2495,5600,24.06
Beirut,3,Michael Johnson,Su-27,211.27543641047737,0.7786,7,2500,5200,24.05
Beirut,3,Chris Walker,Su-27,211.27543641047737,0.7786,7,2500,5200,24.05
Beirut,3,Michael Johnson,F-16,211.27543641047737,0.7786,7,2400,5000,24.05
Beirut,3,Chris Walker,F-16,211.27543641047737,0.7786,7,2400,5000,24.05
Beirut,3,Michael Johnson,MiG-29,211.27543641047737,0.7786,7,2450,4500,24.04
Beirut,3,Chris Walker,MiG-29,211.27543641047737,0.7786,7,2450,4500,24.04
Beirut,3,Michael Johnson,Rafale,211.27543641047737,0.7786,7,2130,4700,24.03
Beirut,3,Chris Walker,Rafale,211.27543641047737,0.7786,7,2130,4700,24.03
Beirut,3,Michael Johnson,F/A-18,211.27543641047737,0.7786,7,1915,4900,24.03
Beirut,3,Chris Walker,F/A-18,211.27543641047737,0.7786,7,1915,4900,24.03
Damascus,5,Daniel Harris,F-35,212.15042069253155,0.9810000000000001,4,3000,6000,24.01
Damascus,5,Daniel Harris,Eurofighter Typhoon,212.15042069253155,0.9810000000000001,4,2495,5600,23.99
Damascus,5,Daniel Harris,Su-27,212.15042069253155,0.9810000000000001,4,2500,5200,23.98
Damascus,5,Daniel Harris,F-16,212.15042069253155,0.9810000000000001,4,2400,5000,23.97
Damascus,5,Daniel Harris,MiG-29,212.15042069253155,0.9810000000000001,4,2450,4500,23.97
Damascus,5,Daniel Harris,Rafale,212.15042069253155,0.9810000000000001,4,2130,4700,23.96
Damascus,5,Daniel Harris,F/A-18,212.15042069253155,0.9810000000000001,4,1915,4900,23.95
Beirut,3,Jane Smith,F-35,211.27543641047737,0.7786,6,3000,6000,23.88
Beirut,3,David Lee,F-35,211.27543641047737,0.7786,6,3000,6000,23.88
Beirut,3,Jane Smith,Eurofighter Typhoon,211.27543641047737,0.7786,6,2495,5600,23.86
Beirut,3,David Lee,Eurofighter Typhoon,211.27543641047737,0.7786,6,2495,5600,23.86
Beirut,3,Jane Smith,Su-27,211.27543641047737,0.7786,6,2500,5200,23.85
Beirut,3,David Lee,Su-27,211.27543641047737,0.7786,6,2500,5200,23.85
Beirut,3,Jane Smith,F-16,211.27543641047737,0.7786,6,2400,5000,23.85
Beirut,3,David Lee,F-16,211.27543641047737,0.7786,6,2400,5000,23.85
Beirut,3,Jane Smith,MiG-29,211.27543641047737,0.7786,6,2450,4500,23.84
Beirut,3,David Lee,MiG-29,211.27543641047737,0.7786,6,2450,4500,23.84
Beirut,3,Jane Smith,Rafale,211.27543641047737,0.7786,6,2130,4700,23.83
Beirut,3,David Lee,Rafale,211.27543641047737,0.7786,6,2130,4700,23.83
Beirut,3,Jane Smith,F/A-18,211.27543641047737,0.7786,6,1915,4900,23.83
Beirut,3,David Lee,F/A-18,211.27543641047737,0.7786,6,1915,4900,23.83
Beirut,3,Robert Brown,F-35,211.27543641047737,0.7786,5,3000,6000,23.68
Beirut,3,Robert Brown,Eurofighter Typhoon,211.27543641047737,0.7786,5,2495,5600,23.66
Beirut,3,Robert Brown,Su-27,211.27543641047737,0.7786,5,2500,5200,23.65
Beirut,3,Robert Brown,F-16,211.27543641047737,0.7786,5,2400,5000,23.65
Beirut,3,Robert Brown,MiG-29,211.27543641047737,0.7786,5,2450,4500,23.64
Beirut,3,Robert Brown,Rafale,211.27543641047737,0.7786,5,2130,4700,23.63
Beirut,3,Robert Brown,F/A-18,211.27543641047737,0.7786,5,1915,4900,23.63
Beirut,3,Daniel Harris,F-35,211.27543641047737,0.7786,4,3000,6000,23.48
Beirut,3,Daniel Harris,Eurofighter Typhoon,211.27543641047737,0.7786,4,2495,5600,23.46
Beirut,3,Daniel Harris,Su-27,211.27543641047737,0.7786,4,2500,5200,23.45
Beirut,3,Daniel Harris,F-16,211.27543641047737,0.7786,4,2400,5000,23.45
Beirut,3,Daniel Harris,MiG-29,211.27543641047737,0.7786,4,2450,4500,23.44
Beirut,3,Daniel Harris,Rafale,211.27543641047737,0.7786,4,2130,4700,23.43
Beirut,3,Daniel Harris,F/A-18,211.27543641047737,0.7786,4,1915,4900,23.43
Amman,3,Jessica Miller,F-35,110.61284095539685,0.8986000000000001,10,3000,6000,14.64
Amman,3,Jessica Miller,Eurofighter Typhoon,110.61284095539685,0.8986000000000001,10,2495,5600,14.62
Amman,3,Jessica Miller,Su-27,110.61284095539685,0.8986000000000001,10,2500,5200,14.61
Amman,3,Jessica Miller,F-16,110.61284095539685,0.8986000000000001,10,2400,5000,14.60
Amman,3,Jessica Miller,MiG-29,110.61284095539685,0.8986000000000001,10,2450,4500,14.60
Amman,3,Jessica Miller,Rafale,110.61284095539685,0.8986000000000001,10,2130,4700,14.59
Amman,3,Jessica Miller,F/A-18,110.61284095539685,0.8986000000000001,10,1915,4900,14.58
Amman,3,Emily Davis,F-35,110.61284095539685,0.8986000000000001,9,3000,6000,14.44
Amman,3,Emily Davis,Eurofighter Typhoon,110.61284095539685,0.8986000000000001,9,2495,5600,14.42
Amman,3,Emily Davis,Su-27,110.61284095539685,0.8986000000000001,9,2500,5200,14.41
Amman,3,Emily Davis,F-16,110.61284095539685,0.8986000000000001,9,2400,5000,14.40
Amman,3,Emily Davis,MiG-29,110.61284095539685,0.8986000000000001,9,2450,4500,14.40
Amman,3,Emily Davis,Rafale,110.61284095539685,0.8986000000000001,9,2130,4700,14.39
Amman,3,Emily Davis,F/A-18,110.61284095539685,0.8986000000000001,9,1915,4900,14.38
Amman,3,John Doe,F-35,110.61284095539685,0.8986000000000001,8,3000,6000,14.24
Amman,3,Sarah Wilson,F-35,110.61284095539685,0.8986000000000001,8,3000,6000,14.24
Amman,3,John Doe,Eurofighter Typhoon,110.61284095539685,0.8986000000000001,8,2495,5600,14.22
Amman,3,Sarah Wilson,Eurofighter Typhoon,110.61284095539685,0.8986000000000001,8,2495,5600,14.22
Amman,3,John Doe,Su-27,110.61284095539685,0.8986000000000001,8,2500,5200,14.21
Amman,3,Sarah Wilson,Su-27,110.61284095539685,0.8986000000000001,8,2500,5200,14.21
Amman,3,John Doe,F-16,110.61284095539685,0.8986000000000001,8,2400,5000,14.20
Amman,3,Sarah Wilson,F-16,110.61284095539685,0.8986000000000001,8,2400,5000,14.20
Amman,3,John Doe,MiG-29,110.61284095539685,0.8986000000000001,8,2450,4500,14.20
Amman,3,Sarah Wilson,MiG-29,110.61284095539685,0.8986000000000001,8,2450,4500,14.20
Amman,3,John Doe,Rafale,110.61284095539685,0.8986000000000001,8,2130,4700,14.19
Amman,3,Sarah Wilson,Rafale,110.61284095539685,0.8986000000000001,8,2130,4700,14.19
Amman,3,John Doe,F/A-18,110.61284095539685,0.8986000000000001,8,1915,4900,14.18
Amman,3,Sarah Wilson,F/A-18,110.61284095539685,0.8986000000000001,8,1915,4900,14.18
Amman,3,Michael Johnson,F-35,110.61284095539685,0.8986000000000001,7,3000,6000,14.04
Amman,3,Chris Walker,F-35,110.61284095539685,0.8986000000000001,7,3000,6000,14.04
Amman,3,Michael Johnson,Eurofighter Typhoon,110.61284095539685,0.8986000000000001,7,2495,5600,14.02
Amman,3,Chris Walker,Eurofighter Typhoon,110.61284095539685,0.8986000000000001,7,2495,5600,14.02
Amman,3,Michael Johnson,Su-27,110.61284095539685,0.8986000000000001,7,2500,5200,14.01
Amman,3,Chris Walker,Su-27,110.61284095539685,0.8986000000000001,7,2500,5200,14.01
Amman,3,Michael Johnson,F-16,110.61284095539685,0.8986000000000001,7,2400,5000,14.00
Amman,3,Chris Walker,F-16,110.61284095539685,0.8986000000000001,7,2400,5000,14.00
Amman,3,Michael Johnson,MiG-29,110.61284095539685,0.8986000000000001,7,2450,4500,14.00
Amman,3,Chris Walker,MiG-29,110.61284095539685,0.8986000000000001,7,2450,4500,14.00
Amman,3,Michael Johnson,Rafale,110.61284095539685,0.8986000000000001,7,2130,4700,13.99
Amman,3,Chris Walker,Rafale,110.61284095539685,0.8986000000000001,7,2130,4700,13.99
Amman,3,Michael Johnson,F/A-18,110.61284095539685,0.8986000000000001,7,1915,4900,13.98
Amman,3,Chris Walker,F/A-18,110.61284095539685,0.8986000000000001,7,1915,4900,13.98
Amman,3,Jane Smith,F-35,110.61284095539685,0.8986000000000001,6,3000,6000,13.84
Amman,3,David Lee,F-35,110.61284095539685,0.8986000000000001,6,3000,6000,13.84
Amman,3,Jane Smith,Eurofighter Typhoon,110.61284095539685,0.8986000000000001,6,2495,5600,13.82
Amman,3,David Lee,Eurofighter Typhoon,110.61284095539685,0.8986000000000001,6,2495,5600,13.82
Amman,3,Jane Smith,Su-27,110.61284095539685,0.8986000000000001,6,2500,5200,13.81
Amman,3,David Lee,Su-27,110.61284095539685,0.8986000000000001,6,2500,5200,13.81
Amman,3,Jane Smith,F-16,110.61284095539685,0.8986000000000001,6,2400,5000,13.80
Amman,3,David Lee,F-16,110.61284095539685,0.8986000000000001,6,2400,5000,13.80
Amman,3,Jane Smith,MiG-29,110.61284095539685,0.8986000000000001,6,2450,4500,13.80
Amman,3,David Lee,MiG-29,110.61284095539685,0.8986000000000001,6,2450,4500,13.80
Amman,3,Jane Smith,Rafale,110.61284095539685,0.8986000000000001,6,2130,4700,13.79
Amman,3,David Lee,Rafale,110.61284095539685,0.8986000000000001,6,2130,4700,13.79
Amman,3,Jane Smith,F/A-18,110.61284095539685,0.8986000000000001,6,1915,4900,13.78
Amman,3,David Lee,F/A-18,110.61284095539685,0.8986000000000001,6,1915,4900,13.78
Amman,3,Robert Brown,F-35,110.61284095539685,0.8986000000000001,5,3000,6000,13.64
Amman,3,Robert Brown,Eurofighter Typhoon,110.61284095539685,0.8986000000000001,5,2495,5600,13.62
Amman,3,Robert Brown,Su-27,110.61284095539685,0.8986000000000001,5,2500,5200,13.61
Amman,3,Robert Brown,F-16,110.61284095539685,0.8986000000000001,5,2400,5000,13.60
Amman,3,Robert Brown,MiG-29,110.61284095539685,0.8986000000000001,5,2450,4500,13.60
Amman,3,Robert Brown,Rafale,110.61284095539685,0.8986000000000001,5,2130,4700,13.59
Amman,3,Robert Brown,F/A-18,110.61284095539685,0.8986000000000001,5,1915,4900,13.58
Amman,3,Daniel Harris,F-35,110.61284095539685,0.8986000000000001,4,3000,6000,13.44
Amman,3,Daniel Harris,Eurofighter Typhoon,110.61284095539685,0.8986000000000001,4,2495,5600,13.42
Amman,3,Daniel Harris,Su-27,110.61284095539685,0.8986000000000001,4,2500,5200,13.41
Amman,3,Daniel Harris,F-16,110.61284095539685,0.8986000000000001,4,2400,5000,13.40
Amman,3,Daniel Harris,MiG-29,110.61284095539685,0.8986000000000001,4,2450,4500,13.40
Amman,3,Daniel Harris,Rafale,110.61284095539685,0.8986000000000001,4,2130,4700,13.39
Amman,3,Daniel Harris,F/A-18,110.61284095539685,0.8986000000000001,4,1915,4900,13.38
